2B,AER,KZN,CR2
2B,ASF,KZN,CR2
2B,ASF,MRV,CR2
2B,CEK,KZN,CR2
2B,CEK,OVB,CR2
2B,DME,KZN,CR2
2B,DME,NBC,CR2
2B,DME,TGK,CR2
2B,DME,UUA,CR2
2B,EGO,KGD,CR2
2B,EGO,KZN,CR2
2B,GYD,NBC,CR2
2B,KGD,EGO,CR2
2B,KZN,AER,CR2
2B,KZN,ASF,CR2
2B,KZN,CEK,CR2
2B,KZN,DME,CR2
2B,KZN,EGO,CR2
2B,KZN,LED,CR2
2B,KZN,SVX,CR2
2B,LED,KZN,CR2
2B,LED,NBC,CR2
2B,LED,UUA,CR2
2B,MRV,ASF,CR2
2B,NBC,DME,CR2
2B,NBC,GYD,CR2
2B,NBC,LED,CR2
2B,NBC,SVX,CR2
2B,NJC,SVX,CR2
2B,NJC,UUA,CR2
2B,NUX,SVX,CR2
2B,OVB,CEK,CR2
2B,OVB,SVX,CR2
2B,SVX,KZN,CR2
2B,SVX,NBC,CR2
2B,SVX,NJC,CR2
2B,SVX,NUX,CR2
2B,SVX,OVB,CR2
2B,TGK,DME,CR2
2B,UUA,DME,CR2
2B,UUA,LED,CR2
2B,UUA,NJC,CR2
2G,BTK,IKT,A81
2G,BTK,OVB,A81
2G,CEK,OVB,A81
2G,HTA,IKT,AN4
2G,IKT,BTK,A81
2G,IKT,HTA,AN4
2G,IKT,KCK,AN4
2G,IKT,ODO,AN4
2G,IKT,OVB,A81
2G,IKT,UKX,AN4
2G,IKT,ULK,AN4
2G,IKT,YKS,A81
2G,KCK,IKT,AN4
2G,MJZ,OVB,A81
2G,ODO,IKT,AN4
2G,OVB,BTK,A81
2G,OVB,CEK,A81
2G,OVB,IKT,A81
2G,UKX,IKT,AN4
2G,ULK,IKT,AN4
2G,YKS,IKT,A81
2I,AYP,LIM,142
2I,CUZ,LIM,142 141
2I,CUZ,PEM,142
2I,HUU,LIM,141
2I,IQT,PCL,143
2I,IQT,TPP,142
2I,LIM,AYP,142
2I,LIM,CUZ,142 141
2I,LIM,HUU,141
2I,LIM,PCL,143 146
2I,LIM,TPP,142 146
2I,PCL,IQT,143
2I,PCL,LIM,143 146
2I,PCL,TPP,146
2I,PEM,CUZ,142
2I,TPP,IQT,142
2I,TPP,LIM,142 146
2I,TPP,PCL,146
2J,ABJ,BOY,CRJ
2J,ABJ,OUA,E70 CRJ M87
2J,ACC,OUA,CRJ
2J,BKO,ABJ,M87
2J,BKO,DKR,M87
2J,BKO,OUA,CRJ
2J,BOY,ABJ,CRJ
2J,BOY,OUA,CRJ
2J,COO,LFW,M87
2J,COO,OUA,M87
2J,DKR,BKO,M87
2J,DKR,OUA,M87
2J,LFW,OUA,M87 CRJ
2J,NIM,OUA,CRJ
2J,OUA,ABJ,E70 CRJ M87
2J,OUA,ACC,CRJ
2J,OUA,BKO,M87 CRJ
2J,OUA,BOY,CRJ
2J,OUA,COO,M87
2J,OUA,DKR,M87
2J,OUA,LFW,CRJ
2J,OUA,NIM,CRJ
2K,BOG,GYE,319
2K,BOG,UIO,319 320
2K,CLO,GYE,319
2K,GYE,BOG,319
2K,GYE,CLO,319
2K,GYE,SCY,319 320
2K,GYE,UIO,320 319
2K,OCC,UIO,319
2K,SCY,GYE,319 320
2K,UIO,BOG,319 320
2K,UIO,GYE,319
2K,UIO,OCC,319
2L,BDS,ZRH,100
2L,BOD,ZRH,100
2L,BRS,ZRH,100
2L,GVA,LPA,319
2L,LCA,ZRH,319
2L,LPA,ZRH,319
2L,RMF,ZRH,319
2L,TFS,GVA,319
2L,ZRH,BDS,100
2L,ZRH,BOD,100
2L,ZRH,BRS,100
2L,ZRH,LCA,319
2L,ZRH,LPA,319
2L,ZRH,RMF,319
2N,AJR,LYC,ATP
2N,ARN,GEV,ATP
2N,ARN,HAD,SF3
2N,ARN,JKG,ATP SF3
2N,ARN,KRF,ATP
2N,ARN,KSD,SF3
2N,ARN,LYC,ATP
2N,ARN,MHQ,SF3
2N,ARN,OER,ATR
2N,ARN,POR,SF3
2N,ARN,TRF,SF3
2N,ARN,VBY,SF3 ATP
2N,ARN,VHM,SF3
2N,ARN,VXO,SF3
2N,GEV,ARN,ATP
2N,GEV,KRF,ATP
2N,HAD,ARN,SF3 ATP
2N,HAD,JKG,ATP SF3
2N,HAD,VXO,SF3
2N,HMV,VHM,SF3
2N,JKG,ARN,ATP SF3
2N,JKG,HAD,ATP SF3
2N,KOK,POR,SF3
2N,KRF,ARN,ATP
2N,KRF,GEV,ATP
2N,KSD,ARN,SF3
2N,LYC,AJR,ATP
2N,LYC,ARN,ATP
2N,MHQ,ARN,SF3
2N,MHQ,TKU,SF3
2N,OER,ARN,ATR
2N,OSL,VXO,SF3
2N,POR,ARN,SF3
2N,POR,KOK,SF3
2N,TKU,MHQ,SF3
2N,TRF,ARN,SF3
2N,VBY,ARN,SF3 ATP
2N,VHM,ARN,SF3
2N,VHM,HMV,SF3
2N,VXO,ARN,SF3
2N,VXO,OSL,SF3
2O,ADQ,AOS,BNI
2O,ADQ,KKB,BNI
2O,ADQ,KLN,BNI
2O,ADQ,KOZ,BNI
2O,ADQ,OLH,BNI
2O,AOS,KZB,BNI
2O,KKB,SYB,BNI
2O,KLN,KYK,BNI
2O,KOZ,ORI,BNI
2O,SYB,KPR,BNI
2P,BSO,MNL,DH4
2P,BXU,MNL,320
2P,CBO,MNL,320
2P,CGY,MNL,320
2P,CRM,MNL,DH4
2P,DGT,MNL,320
2P,DWC,MNL,330
2P,GES,MNL,320
2P,KLO,MNL,320
2P,LGP,MNL,320
2P,MNL,BSO,DH4
2P,MNL,BXU,320
2P,MNL,CBO,320
2P,MNL,CGY,320
2P,MNL,CRM,DH4
2P,MNL,DGT,320
2P,MNL,DWC,330
2P,MNL,GES,320
2P,MNL,KLO,320
2P,MNL,LGP,320
2P,MNL,MPH,DH3
2P,MNL,OZC,320
2P,MNL,PPS,320
2P,MNL,RXS,320
2P,MNL,SUG,DH4
2P,MNL,TUG,DH4
2P,MNL,ZAM,320
2P,MPH,MNL,DH3
2P,OZC,MNL,320
2P,PPS,MNL,320
2P,RXS,MNL,320
2P,SUG,MNL,DH4
2P,TUG,MNL,DH4
2P,ZAM,MNL,320
2Z,AUX,PMW,AT7
2Z,BRA,BSB,AT7
2Z,BRA,SSA,AT7
2Z,BSB,BRA,AT7
2Z,BSB,OPS,AT7
2Z,BSB,RAO,AT7
2Z,CAC,GRU,AT7
2Z,CGB,GYN,AT7
2Z,CGB,OPS,AT7
2Z,CGR,DOU,AT7
2Z,DOU,CGR,AT7
2Z,DOU,GRU,AT7
2Z,GIG,RAO,AT7
2Z,GRU,CAC,AT7
2Z,GRU,DOU,AT7
2Z,GRU,RAO,AT7
2Z,GRU,UBA,AT7
2Z,GRU,UDI,AT7
2Z,GRU,VDC,AT7
2Z,GYN,CGB,AT7
2Z,GYN,PMW,AT7
2Z,GYN,RAO,AT7
2Z,GYN,UDI,AT7
2Z,OPS,BSB,AT7
2Z,OPS,CGB,AT7
2Z,PLU,RAO,AT7
2Z,PMW,AUX,AT7
2Z,PMW,GYN,AT7
2Z,RAO,BSB,AT7
2Z,RAO,GIG,AT7
2Z,RAO,GRU,AT7
2Z,RAO,GYN,AT7
2Z,RAO,PLU,AT7
2Z,RAO,SJP,AT7
2Z,RAO,UDI,AT7
2Z,SJP,RAO,AT7
2Z,SSA,BRA,AT7
2Z,SSA,VDC,AT7
2Z,UBA,GRU,AT7
2Z,UBA,UDI,AT7
2Z,UDI,GRU,AT7
2Z,UDI,GYN,AT7
2Z,UDI,RAO,AT7
2Z,UDI,UBA,AT7
2Z,VDC,GRU,AT7
2Z,VDC,SSA,AT7
3E,BRL,ORD,CNC
3E,BRL,STL,CNC
3E,DEC,ORD,CNC
3E,DEC,STL,CNC
3E,JBR,STL,CNC
3E,ORD,BRL,CNC
3E,ORD,DEC,CNC
3E,STL,BRL,CNC
3E,STL,DEC,CNC
3E,STL,JBR,CNC
3F,CGA,HYL,DHP
3F,CGA,KTN,DHP
3F,HYL,CGA,DHP
3F,HYL,KTB,DHP
3F,HYL,KTN,DHP
3F,KTB,HYL,DHP
3F,KTB,KTN,DHP
3F,KTN,CGA,DHP
3F,KTN,HYL,DHP
3F,KTN,KTB,DHP
3F,KTN,MTM,DHP
3F,MTM,KTN,DHP
3G,ACC,DKR,319
3G,ACC,LOS,319
3G,ACC,ROB,319
3G,BCN,BJL,319
3G,BJL,BCN,319
3G,BJL,DKR,319
3G,BJL,FNA,319
3G,CKY,OXB,319
3G,DKR,ACC,319
3G,DKR,BJL,319
3G,DKR,DLA,319
3G,DKR,FNA,319
3G,DKR,LOS,319
3G,DKR,OXB,319
3G,DLA,DKR,319
3G,DLA,LOS,319
3G,FNA,BJL,319
3G,FNA,DKR,319
3G,FNA,LGW,319
3G,FNA,ROB,319
3G,LGW,FNA,319
3G,LOS,ACC,319
3G,LOS,DKR,319
3G,LOS,DLA,319
3G,LOS,ROB,319
3G,OXB,CKY,319
3G,OXB,DKR,319
3G,ROB,ACC,319
3G,ROB,FNA,319
3G,ROB,LOS,319
3H,AKV,YIK,DH8
3H,AKV,YPX,DH8
3H,XGR,YVP,DHT BET
3H,YGL,YGW,DHT
3H,YGL,YPX,73M
3H,YGL,YUL,73M
3H,YGW,YGL,DHT
3H,YGW,YPH,BET
3H,YGW,YSK,DH8
3H,YGW,YUD,DH8
3H,YGW,YUL,DH8
3H,YGW,YUY,DH8
3H,YIK,AKV,DH8
3H,YIK,YZG,DH8
3H,YKG,YPJ,DHT DH8
3H,YKG,YQC,DH8
3H,YKG,YVP,DH8 DHT
3H,YKL,YQB,DH8
3H,YKL,YVP,DH8 BET
3H,YKL,YWK,BET
3H,YKL,YZV,BET DH8
3H,YPH,YPX,DH8 BET
3H,YPH,YUD,DH8
3H,YPH,YVP,BET
3H,YPJ,YKG,DHT DH8
3H,YPJ,YTQ,DHT DH8
3H,YPJ,YVP,DHT
3H,YPX,AKV,DH8
3H,YPX,YGL,73M
3H,YPX,YPH,DH8
3H,YPX,YVP,BET
3H,YQB,YKL,DH8
3H,YQB,YUL,DH8
3H,YQC,YKG,DH8
3H,YQC,YWB,DH8
3H,YSK,YGW,DH8
3H,YSK,YUD,DH8
3H,YTQ,YPJ,DHT DH8
3H,YTQ,YVP,DHT DH8
3H,YUD,YGW,DH8
3H,YUD,YPH,DH8
3H,YUD,YSK,DH8
3H,YUL,YGL,73M
3H,YUL,YGW,DH8
3H,YUL,YQB,DH8
3H,YUL,YUY,DH8
3H,YUY,YGW,DH8
3H,YUY,YUL,DH8
3H,YVP,XGR,DHT BET
3H,YVP,YGW,BET
3H,YVP,YKG,DH8
3H,YVP,YKL,DH8 BET
3H,YVP,YPH,BET
3H,YVP,YPJ,DHT
3H,YVP,YPX,BET
3H,YVP,YTQ,DHT DH8
3H,YWB,YQC,DH8
3H,YWB,YZG,DH8
3H,YWK,YKL,BET
3H,YWK,YZV,BET
3H,YZG,YIK,DH8
3H,YZG,YWB,DH8
3H,YZV,YKL,BET DH8
3H,YZV,YWK,BET
3J,JIB,DXB,737
3J,JIB,JED,737
3J,JIB,MGQ,737
3J,MGQ,NBO,737
3J,NBO,MGQ,737
3K,BKK,SIN,320
3K,DRW,SIN,320
3K,HAK,SIN,320
3K,HGH,SIN,320
3K,HKG,SIN,320
3K,HKT,SIN,320
3K,KIX,MNL,320
3K,KIX,TPE,320
3K,KUL,SIN,320
3K,MNL,KIX,320
3K,MNL,SIN,320
3K,PEN,SIN,320
3K,PER,SIN,320
3K,PNH,SIN,320
3K,REP,SIN,320
3K,RGN,SIN,320
3K,SGN,SIN,320
3K,SIN,BKK,320
3K,SIN,DRW,320
3K,SIN,HAK,320
3K,SIN,HGH,320
3K,SIN,HKG,320
3K,SIN,HKT,320
3K,SIN,KUL,320
3K,SIN,MNL,320
3K,SIN,PEN,320
3K,SIN,PER,320
3K,SIN,PNH,320
3K,SIN,REP,320
3K,SIN,RGN,320
3K,SIN,SGN,320
3K,SIN,SWA,320
3K,SIN,TPE,320
3K,SWA,SIN,320
3K,TPE,KIX,320
3K,TPE,SIN,320
3L,ACH,EBA,DH3
3L,DRS,ZRH,DH3
3L,DUS,FDH,DH3
3L,EBA,ACH,DH3
3L,EBA,FDH,DH3
3L,EBA,MUC,DH3
3L,EBA,ZRH,DH3
3L,FDH,DUS,DH3
3L,FDH,EBA,DH3
3L,FDH,HAM,AT7
3L,FDH,OLB,AT7
3L,FDH,TXL,AT7
3L,FDH,ZAD,AT7
3L,FMM,NAP,AT7
3L,GRZ,ZRH,DH3
3L,HAM,FDH,AT7
3L,MUC,EBA,DH3
3L,NAP,FMM,AT7
3L,OLB,FDH,AT7
3L,SZG,ZRH,DH3
3L,TXL,FDH,AT7
3L,ZAD,FDH,AT7
3L,ZRH,DRS,DH3
3L,ZRH,EBA,DH3
3L,ZRH,GRZ,DH3
3L,ZRH,SZG,DH3
3M,ATL,LWB,SF3
3M,ATL,MCN,SF3
3M,ATL,MEI,SF3
3M,ATL,MSL,SF3
3M,ATL,PIB,SF3
3M,ATL,TUP,SF3
3M,BIM,FLL,SF3
3M,ELH,FLL,SF3
3M,ELH,PBI,SF3
3M,EYW,FLL,SF3
3M,EYW,RSW,SF3
3M,EYW,TPA,SF3
3M,FLL,BIM,SF3
3M,FLL,ELH,SF3
3M,FLL,EYW,SF3
3M,FLL,FPO,SF3
3M,FLL,GGT,SF3
3M,FLL,GHB,SF3
3M,FLL,MCO,SF3
3M,FLL,MHH,SF3
3M,FLL,TCB,SF3
3M,FLL,TPA,SF3
3M,FPO,FLL,SF3
3M,GGT,FLL,SF3
3M,GGT,GHB,SF3
3M,GHB,FLL,SF3
3M,GLH,TUP,SF3
3M,GNV,MCO,SF3
3M,GNV,TPA,SF3
3M,JAX,MHH,SF3
3M,JAX,TPA,SF3
3M,LWB,ATL,SF3
3M,MCN,ATL,SF3
3M,MCN,MCO,SF3
3M,MCO,FLL,SF3
3M,MCO,GNV,SF3
3M,MCO,MCN,SF3
3M,MCO,MHH,SF3
3M,MCO,PNS,SF3
3M,MCO,RSW,SF3
3M,MCO,TLH,SF3
3M,MEI,ATL,SF3
3M,MHH,FLL,SF3
3M,MHH,JAX,SF3
3M,MHH,MCO,SF3
3M,MHH,PBI,SF3
3M,MSL,ATL,SF3
3M,PBI,ELH,SF3
3M,PBI,MHH,SF3
3M,PBI,TPA,SF3
3M,PIB,ATL,SF3 
3M,PNS,MCO,SF3
3M,PNS,TPA,SF3
3M,RSW,EYW,SF3
3M,RSW,MCO,SF3
3M,TCB,FLL,SF3
3M,TLH,MCO,SF3
3M,TLH,TPA,SF3
3M,TPA,EYW,SF3
3M,TPA,FLL,SF3
3M,TPA,GNV,SF3
3M,TPA,JAX,SF3
3M,TPA,PBI,SF3
3M,TPA,PNS,SF3
3M,TPA,TLH,SF3
3M,TUP,ATL,SF3 
3M,TUP,GLH,SF3
3O,AMS,NDR,320
3O,AMS,TNG,320
3O,BCN,CMN,320
3O,BCN,NDR,320
3O,BCN,TNG,320
3O,BGY,CMN,320
3O,BLQ,CMN,320
3O,BRU,CMN,320
3O,BRU,NDR,320
3O,BRU,TNG,320
3O,CGN,NDR,320
3O,CMN,BCN,320
3O,CMN,BGY,320
3O,CMN,BLQ,320
3O,CMN,BRU,320
3O,CMN,CUF,320
3O,CMN,LGW,320
3O,CMN,LYS,320
3O,CMN,MPL,320
3O,CMN,SAW,320
3O,CMN,TLS,320
3O,CMN,TSF,320
3O,CUF,CMN,320
3O,FEZ,MPL,320
3O,LGW,CMN,320
3O,LGW,TNG,320
3O,LYS,CMN,320
3O,MPL,CMN,320
3O,MPL,FEZ,320
3O,MPL,NDR,320
3O,NDR,AMS,320
3O,NDR,BCN,320
3O,NDR,BRU,320
3O,NDR,CGN,320
3O,NDR,MPL,320
3O,NDR,PMI,320
3O,PMI,NDR,320
3O,SAW,CMN,320
3O,TLS,CMN,320
3O,TNG,AMS,320
3O,TNG,BCN,320
3O,TNG,BRU,320
3O,TNG,LGW,320
3O,TSF,CMN,320
3P,AUA,LSP,SH6
3P,AUA,MAR,SH6
3P,BON,CUR,SH6
3P,CUR,AUA,SH6
3P,LSP,AUA,SH6
3P,MAR,AUA,SH6
3R,ASF,DME,SU9
3R,ASF,LED,SU9
3R,BHK,DME,734
3R,DME,ASF,SU9
3R,DME,BHK,734
3R,DME,EGO,SU9
3R,DME,FEG,734
3R,DME,KSQ,734
3R,DME,NMA,734
3R,DME,NVI,734
3R,DME,SKD,734
3R,DME,TIV,SU9 73G
3R,EGO,DME,SU9
3R,FEG,DME,734
3R,KSQ,DME,734
3R,LED,ASF,SU9
3R,NMA,DME,734
3R,NVI,DME,734
3R,SKD,DME,734
3R,TIV,DME,SU9 73G
3S,ANU,PTP,AT5
3S,CAY,FDF,320
3S,CUR,SDQ,AT5
3S,DOM,PTP,AT5
3S,DOM,SXM,AT5
3S,FDF,CAY,320
3S,FDF,PTP,AT5 320
3S,FDF,SDQ,AT5
3S,FDF,SLU,AT5
3S,PTP,ANU,AT5
3S,PTP,DOM,AT5
3S,PTP,FDF,AT5 320
3S,PTP,SBH,DHT
3S,PTP,SDQ,AT5
3S,PTP,SFG,AT5
3S,PTP,SXM,AT5
3S,SBH,PTP,DHT
3S,SDQ,PTP,AT5
3S,SDQ,SXM,AT5
3S,SFG,PTP,AT5
3S,SLU,FDF,AT5
3S,SXM,DOM,AT5
3S,SXM,PTP,AT5
3S,SXM,SDQ,AT5
3U,BHY,XIY,321
3U,CAN,CKG,321 320
3U,CAN,CTU,321 320 330
3U,CAN,SPN,330
3U,CGO,CGQ,321
3U,CGO,CKG,321
3U,CGO,CTU,321
3U,CGO,HGH,320
3U,CGO,HRB,320
3U,CGO,KMG,320
3U,CGO,URC,320
3U,CGQ,CGO,321
3U,CGQ,NKG,320
3U,CGQ,TNA,321
3U,CGQ,TSN,320 319
3U,CKG,CAN,321 320
3U,CKG,CGO,321
3U,CKG,CSX,319 321
3U,CKG,CTU,330
3U,CKG,CZX,320
3U,CKG,DLC,320
3U,CKG,DYG,320
3U,CKG,HAK,319
3U,CKG,HGH,320 319
3U,CKG,HKT,321
3U,CKG,INC,321
3U,CKG,KHN,319
3U,CKG,KMG,319 320
3U,CKG,LHW,319 321
3U,CKG,LJG,319
3U,CKG,LXA,319
3U,CKG,NGB,319
3U,CKG,NKG,319
3U,CKG,NNG,319
3U,CKG,PEK,321 319 320
3U,CKG,PVG,320 319
3U,CKG,PZI,319
3U,CKG,SWA,319
3U,CKG,SYD,330
3U,CKG,SYX,320
3U,CKG,SZX,320
3U,CKG,TNA,321
3U,CKG,TSA,320
3U,CKG,TSN,319
3U,CKG,TYN,321
3U,CKG,URC,320
3U,CKG,WUH,319
3U,CKG,WUX,319
3U,CKG,XIY,319
3U,CKG,XNN,320
3U,CKG,YIH,319
3U,CKG,ZHA,319
3U,CSX,CKG,319 321
3U,CSX,CTU,320
3U,CSX,FOC,320
3U,CSX,KMG,320
3U,CSX,SHE,320
3U,CSX,WNZ,319
3U,CSX,XMN,321
3U,CTU,CAN,321 320 330
3U,CTU,CGO,321
3U,CTU,CKG,330
3U,CTU,CSX,320
3U,CTU,DCY,319
3U,CTU,DSN,319
3U,CTU,HAK,321
3U,CTU,HDG,319
3U,CTU,HET,320
3U,CTU,HFE,321
3U,CTU,HGH,320 319
3U,CTU,HKG,320
3U,CTU,HKT,321
3U,CTU,ICN,321
3U,CTU,INC,321
3U,CTU,JHG,319
3U,CTU,JIQ,320
3U,CTU,JZH,319
3U,CTU,KHN,321
3U,CTU,KMG,320
3U,CTU,KOW,320
3U,CTU,KWE,320
3U,CTU,LHW,319
3U,CTU,LJG,319
3U,CTU,LUM,319
3U,CTU,LXA,330 319
3U,CTU,LZY,319
3U,CTU,MEL,330
3U,CTU,NKG,319 320
3U,CTU,NNG,319 320
3U,CTU,PEK,330 321 320
3U,CTU,PVG,321 330
3U,CTU,PZI,319
3U,CTU,SHE,330
3U,CTU,SJW,320
3U,CTU,SYX,321
3U,CTU,SZX,320 321
3U,CTU,TAO,321
3U,CTU,TNA,321
3U,CTU,TSA,320
3U,CTU,TSN,321
3U,CTU,TYN,319
3U,CTU,URC,319 330
3U,CTU,WNZ,320
3U,CTU,WUH,319
3U,CTU,WUX,320
3U,CTU,WXN,319
3U,CTU,XIC,320
3U,CTU,XIY,320 319
3U,CTU,XMN,320
3U,CTU,XNN,320
3U,CTU,XUZ,320
3U,CTU,YIH,320
3U,CTU,YTY,319
3U,CZX,CKG,320
3U,CZX,HRB,321
3U,CZX,XMN,321
3U,CZX,ZUH,320
3U,DAT,TYN,319
3U,DCY,CTU,319
3U,DLC,CKG,320
3U,DLC,HGH,320
3U,DLC,HRB,320
3U,DLC,TNA,321
3U,DLC,XUZ,320
3U,DNH,LHW,319
3U,DSN,CTU,319
3U,DSN,SHE,319
3U,DYG,CKG,320
3U,DYG,NKG,319
3U,FOC,CSX,320
3U,FOC,XIY,319
3U,GXH,LXA,319
3U,GXH,XIY,319
3U,HAK,CKG,319
3U,HAK,CTU,321
3U,HAK,HGH,320
3U,HAK,NGB,321
3U,HAK,ZUH,320
3U,HDG,CTU,319
3U,HET,CTU,320
3U,HFE,CTU,321
3U,HGH,CGO,320
3U,HGH,CKG,320 319
3U,HGH,CTU,319 320
3U,HGH,DLC,320
3U,HGH,HAK,320
3U,HGH,KWE,320
3U,HGH,TSN,320
3U,HGH,TYN,320
3U,HKG,CTU,320
3U,HKG,YIH,320
3U,HKG,ZHA,319
3U,HKT,CKG,321
3U,HKT,CTU,321
3U,HRB,CGO,320
3U,HRB,CZX,321
3U,HRB,DLC,320
3U,HRB,INC,321
3U,HRB,NGB,321
3U,HRB,NKG,319
3U,HRB,NZH,321
3U,HRB,SJW,321
3U,HRB,TNA,320 321
3U,HRB,TSN,321
3U,HRB,WNZ,321
3U,HRB,WUH,321
3U,HRB,XIY,321
3U,HRB,XUZ,320 321
3U,ICN,CTU,321
3U,INC,CKG,321
3U,INC,CTU,321
3U,INC,HRB,321
3U,INC,KWL,320
3U,JGN,LHW,319
3U,JHG,CTU,319
3U,JHG,KMG,319
3U,JIQ,CTU,320
3U,JJN,KWE,320
3U,JJN,WUH,319
3U,JZH,CTU,319
3U,KHG,URC,319
3U,KHN,CKG,319
3U,KHN,CTU,321
3U,KHN,KMG,319
3U,KHN,NGB,321
3U,KMG,CGO,320
3U,KMG,CKG,319 320
3U,KMG,CSX,320
3U,KMG,CTU,320
3U,KMG,JHG,319
3U,KMG,KHN,319
3U,KMG,KWE,320
3U,KMG,LUM,319
3U,KMG,NGB,320
3U,KMG,NKG,320
3U,KMG,TAO,320
3U,KMG,TNA,320
3U,KMG,TPE,320
3U,KMG,WXN,320
3U,KMG,XIY,320
3U,KMG,XMN,320
3U,KMG,XUZ,320
3U,KOW,CTU,320
3U,KOW,XMN,320
3U,KWE,CTU,320
3U,KWE,HGH,320
3U,KWE,JJN,320
3U,KWE,KMG,320
3U,KWE,LHW,321
3U,KWE,SYX,321
3U,KWE,WNZ,320
3U,KWE,XUZ,321
3U,KWL,INC,320
3U,KWL,SJW,321
3U,KWL,SYX,320
3U,LHW,CKG,319 321
3U,LHW,CTU,319
3U,LHW,DNH,319
3U,LHW,JGN,319
3U,LHW,KWE,321
3U,LHW,TSN,321
3U,LJG,CKG,319
3U,LJG,CTU,319
3U,LJG,MIG,319
3U,LUM,CTU,319
3U,LUM,KMG,319
3U,LXA,CKG,319
3U,LXA,CTU,330 319
3U,LXA,GXH,319
3U,LXA,XIY,319
3U,LXA,XNN,319
3U,LYI,XIY,319 320
3U,LZY,CTU,319
3U,MEL,CTU,330
3U,MIG,LJG,319
3U,MIG,NKG,319
3U,MIG,SYX,320
3U,MIG,XNN,320
3U,NGB,CKG,319
3U,NGB,HAK,321
3U,NGB,HRB,321
3U,NGB,KHN,321
3U,NGB,KMG,320
3U,NGB,SHE,321
3U,NGB,SYX,321
3U,NKG,CGQ,320
3U,NKG,CKG,319
3U,NKG,CTU,319 320
3U,NKG,DYG,319
3U,NKG,HRB,319
3U,NKG,KMG,320
3U,NKG,MIG,319
3U,NKG,SYX,320
3U,NNG,CKG,319
3U,NNG,CTU,319 320
3U,NNG,SGN,320
3U,NNG,WUH,321
3U,NTG,WUH,319
3U,NZH,HRB,321
3U,PEK,CKG,319 321 320
3U,PEK,CTU,321 320 330
3U,PEK,WXN,320
3U,PEK,ZHY,320
3U,PVG,CKG,320 319
3U,PVG,CTU,330 321
3U,PVG,SPN,330
3U,PZI,CKG,319
3U,PZI,CTU,319
3U,SGN,NNG,320
3U,SHE,CSX,320
3U,SHE,CTU,330
3U,SHE,DSN,319
3U,SHE,NGB,321
3U,SHE,TYN,321
3U,SHE,XUZ,320
3U,SHE,YVR,330
3U,SJW,CTU,320
3U,SJW,HRB,321
3U,SJW,KWL,321
3U,SPN,CAN,330
3U,SPN,PVG,330
3U,SWA,CKG,319
3U,SYD,CKG,330
3U,SYX,CKG,320
3U,SYX,CTU,321
3U,SYX,KWE,321
3U,SYX,KWL,320
3U,SYX,MIG,320
3U,SYX,NGB,321
3U,SYX,NKG,320
3U,SYX,TNA,321
3U,SYX,WNZ,321
3U,SYX,YBP,319
3U,SZX,CKG,320
3U,SZX,CTU,320 321
3U,SZX,WXN,319
3U,TAO,CTU,321
3U,TAO,KMG,320
3U,TNA,CGQ,321
3U,TNA,CKG,321
3U,TNA,CTU,321
3U,TNA,DLC,321
3U,TNA,HRB,320 321
3U,TNA,KMG,320
3U,TNA,SYX,321
3U,TNA,XIY,320
3U,TPE,KMG,320
3U,TSA,CKG,320
3U,TSA,CTU,320
3U,TSN,CGQ,320 319
3U,TSN,CKG,319
3U,TSN,CTU,321
3U,TSN,HGH,320
3U,TSN,HRB,321
3U,TSN,LHW,321
3U,TVS,TYN,319
3U,TYN,CKG,321
3U,TYN,CTU,319
3U,TYN,DAT,319
3U,TYN,HGH,320
3U,TYN,SHE,321
3U,TYN,TVS,319
3U,URC,CGO,320
3U,URC,CKG,320
3U,URC,CTU,319 330
3U,URC,KHG,319
3U,URC,XIY,319
3U,UYN,XIY,319
3U,WNZ,CSX,319
3U,WNZ,CTU,320
3U,WNZ,HRB,321
3U,WNZ,KWE,320
3U,WNZ,SYX,321
3U,WUH,CKG,319
3U,WUH,CTU,319
3U,WUH,HRB,321
3U,WUH,JJN,319
3U,WUH,NNG,321
3U,WUH,NTG,319
3U,WUX,CKG,319
3U,WUX,CTU,320
3U,WXN,CTU,319
3U,WXN,KMG,320
3U,WXN,PEK,320
3U,WXN,SZX,319
3U,XIC,CTU,320
3U,XIY,BHY,321
3U,XIY,CKG,319
3U,XIY,CTU,320 319
3U,XIY,FOC,319
3U,XIY,GXH,319
3U,XIY,HRB,321
3U,XIY,KMG,320
3U,XIY,LXA,319
3U,XIY,LYI,319 320
3U,XIY,TNA,320
3U,XIY,URC,319
3U,XIY,UYN,319
3U,XIY,XMN,319
3U,XIY,XNN,319
3U,XIY,YBP,319
3U,XMN,CSX,321
3U,XMN,CTU,320
3U,XMN,CZX,321
3U,XMN,KMG,320
3U,XMN,KOW,320
3U,XMN,XIY,319
3U,XNN,CKG,320
3U,XNN,CTU,320
3U,XNN,LXA,319
3U,XNN,MIG,320
3U,XNN,XIY,319
3U,XNN,ZHY,320
3U,XUZ,CTU,320
3U,XUZ,DLC,320
3U,XUZ,HRB,320 321
3U,XUZ,KMG,320
3U,XUZ,KWE,321
3U,XUZ,SHE,320
3U,YBP,SYX,319
3U,YBP,XIY,319
3U,YIH,CKG,319
3U,YIH,CTU,320
3U,YIH,HKG,320
3U,YTY,CTU,319
3U,YVR,SHE,330
3U,ZHA,CKG,319
3U,ZHA,HKG,319
3U,ZHY,PEK,320
3U,ZHY,XNN,320
3U,ZUH,CZX,320
3U,ZUH,HAK,320
4B,LAS,LAX,PL2
4B,LAX,LAS,PL2
4D,CAI,TLV,E70
4D,TLV,CAI,E70
4E,MCG,NIB,PAG
4E,MCG,TCT,PAG
4E,NIB,MCG,PAG
4E,TCT,TLJ,PAG
4E,TLJ,MCG,PAG
4G,EYK,VKO,YK2
4G,NCU,VKO,73G
4G,NUX,TJM,TU5
4G,NUX,UFA,TU5
4G,NUX,VKO,73G TU5
4G,NYM,OVS,YK4
4G,NYM,VKO,73G
4G,OVS,NYM,YK4
4G,OVS,SVX,YK4
4G,OVS,VKO,YK2
4G,SVX,OVS,YK4
4G,TJM,NUX,TU5
4G,UCT,VKO,YK2
4G,UFA,NUX,TU5
4G,VKO,EYK,YK2
4G,VKO,NCU,73G
4G,VKO,NUX,73G TU5
4G,VKO,NYM,73G
4G,VKO,OVS,YK2
4G,VKO,UCT,YK2
4H,BKK,DAC,AT7
4H,BZL,DAC,DH8
4H,CCU,CGP,AT7
4H,CCU,DAC,AT7
4H,CGP,CCU,AT7
4H,CGP,DAC,DH8
4H,CGP,MCT,313
4H,CXB,DAC,DH8
4H,DAC,BKK,AT7
4H,DAC,BZL,DH8
4H,DAC,CCU,AT7
4H,DAC,CGP,DH8
4H,DAC,CXB,DH8
4H,DAC,DXB,313
4H,DAC,JED,313
4H,DAC,JSR,DH8
4H,DAC,KTM,AT7
4H,DAC,KUL,AT7
4H,DAC,MCT,313
4H,DAC,SPD,DH8
4H,DAC,ZYL,313
4H,DXB,DAC,313
4H,JED,DAC,313
4H,JSR,DAC,DH8
4H,KTM,DAC,AT7
4H,KUL,DAC,AT7
4H,MCT,CGP,313
4H,MCT,DAC,313
4H,RJH,DAC,DH8
4H,SPD,DAC,DH8
4H,SPD,RJH,DH8
4H,ZYL,DAC,313
4K,YGZ,YRB,DHT
4K,YRB,YGZ,DHT
4M,DFW,EZE,777
4M,EZE,DFW,777
4M,EZE,JFK,777
4M,EZE,MIA,777 763
4M,EZE,PUJ,763
4M,JFK,EZE,777
4M,MIA,EZE,777 763
4M,MIA,PUJ,763
4M,PUJ,EZE,763
4M,PUJ,MIA,763
4N,YEG,YXY,737
4N,YLW,YVR,737
4N,YLW,YXY,737
4N,YOW,YZF,737
4N,YVR,YLW,737
4N,YVR,YXY,737
4N,YXY,YLW,737
4N,YXY,YVR,737
4N,YXY,YYC,737
4N,YXY,YZF,737
4N,YYC,YEG,737
4N,YZF,YOW,737
4N,YZF,YXY,737
4O,ACA,MEX,320
4O,ACA,TLC,320
4O,AGU,MEX,SU9
4O,BOG,MEX,320
4O,CEN,MEX,320
4O,CJS,MEX,320
4O,CME,MEX,320
4O,CPE,MEX,SU9
4O,CTM,MEX,320
4O,CUL,MEX,320
4O,CUN,MEX,320
4O,CUN,MTY,320
4O,CUN,TLC,320
4O,CUU,MEX,320
4O,CZM,MEX,320
4O,GDL,MEX,320
4O,GDL,MTY,320
4O,GDL,SAT,320
4O,GDL,SJD,320
4O,GDL,SNA,320
4O,GDL,TIJ,320
4O,GUA,MEX,320
4O,HAV,MEX,320
4O,HMO,MEX,320
4O,HUX,MEX,320
4O,JFK,MEX,320
4O,LAP,MEX,SU9
4O,LAS,MTY,320
4O,LAS,TLC,320
4O,MEX,ACA,320
4O,MEX,AGU,SU9
4O,MEX,BOG,320
4O,MEX,CEN,320
4O,MEX,CJS,320
4O,MEX,CME,320
4O,MEX,CPE,SU9
4O,MEX,CTM,320
4O,MEX,CUL,320
4O,MEX,CUN,320
4O,MEX,CUU,320
4O,MEX,CZM,320
4O,MEX,GDL,320
4O,MEX,GUA,320
4O,MEX,HAV,320
4O,MEX,HMO,320
4O,MEX,HUX,320
4O,MEX,JFK,320
4O,MEX,LAP,SU9
4O,MEX,MIA,320
4O,MEX,MID,320
4O,MEX,MTT,SU9
4O,MEX,MTY,320
4O,MEX,MZT,SU9
4O,MEX,OAX,320
4O,MEX,PQM,SU9
4O,MEX,PVR,320
4O,MEX,REX,SU9
4O,MEX,SAT,320
4O,MEX,SJD,320
4O,MEX,SJO,320
4O,MEX,SNA,320
4O,MEX,TAM,320
4O,MEX,TGZ,320
4O,MEX,TIJ,320
4O,MEX,TRC,SU9
4O,MEX,VER,320
4O,MEX,VSA,320
4O,MEX,ZCL,SU9
4O,MEX,ZIH,320
4O,MEX,ZLO,SU9
4O,MIA,MEX,320
4O,MID,MEX,320
4O,MTT,MEX,SU9
4O,MTY,CUN,320
4O,MTY,GDL,320
4O,MTY,LAS,320
4O,MTY,MEX,320
4O,MTY,SAT,320
4O,MTY,TLC,320
4O,MZT,MEX,SU9
4O,OAX,MEX,320
4O,PQM,MEX,SU9
4O,PVR,MEX,320
4O,PVR,TLC,320
4O,REX,MEX,SU9
4O,SAT,GDL,320
4O,SAT,MEX,320
4O,SAT,MTY,320
4O,SAT,TLC,320
4O,SJD,GDL,320
4O,SJD,MEX,320
4O,SJD,TLC,320
4O,SJO,MEX,320
4O,SNA,GDL,320
4O,SNA,MEX,320
4O,TAM,MEX,320
4O,TGZ,MEX,320
4O,TIJ,GDL,320
4O,TIJ,MEX,320
4O,TLC,ACA,320
4O,TLC,CUN,320
4O,TLC,LAS,320
4O,TLC,MTY,320
4O,TLC,PVR,320
4O,TLC,SAT,320
4O,TLC,SJD,320
4O,TLC,ZIH,320
4O,TRC,MEX,SU9
4O,VER,MEX,320
4O,VSA,MEX,320
4O,ZCL,MEX,SU9
4O,ZIH,MEX,320
4O,ZIH,TLC,320
4O,ZLO,MEX,SU9
4Q,DEL,HEA,320
4Q,DEL,KBL,320
4Q,DXB,KBL,319
4Q,HEA,DEL,320
4Q,HEA,ISB,319
4Q,HEA,KBL,319 320
4Q,ISB,HEA,319
4Q,ISB,KBL,319
4Q,KBL,DEL,320
4Q,KBL,DXB,319
4Q,KBL,HEA,319 320
4Q,KBL,ISB,319
4Q,KBL,MZR,319
4Q,MZR,KBL,319
4T,AYT,ZRH,320
4T,BSL,HRG,320
4T,HRG,BSL,320
4T,HRG,ZRH,320
4T,PRN,ZRH,320
4T,RMF,ZRH,320
4T,SKP,ZRH,320
4T,ZRH,AYT,320
4T,ZRH,HRG,320
4T,ZRH,PRN,320
4T,ZRH,RMF,320
4T,ZRH,SKP,320
4U,AGP,STR,320 319
4U,AGP,TXL,319
4U,ALG,CGN,319
4U,AMS,HAM,CRJ
4U,AOI,DUS,CRJ
4U,AOI,TXL,CRJ
4U,ARN,CGN,CRJ
4U,ARN,DUS,CRJ
4U,ARN,HAM,CRJ
4U,ATH,CGN,319
4U,ATH,STR,319
4U,AYT,CGN,320
4U,BCN,CGN,320 319
4U,BCN,DUS,320 319
4U,BCN,HAJ,319
4U,BCN,HAM,319
4U,BCN,STR,319 320
4U,BDS,STR,319
4U,BEG,STR,319
4U,BGO,HAM,CRJ
4U,BHX,HAM,CRJ
4U,BHX,TXL,319
4U,BIA,CGN,319
4U,BIA,DUS,320
4U,BIA,HAM,CRJ
4U,BIA,STR,319
4U,BIA,TXL,320
4U,BIO,DUS,CRJ
4U,BIO,STR,CRJ 319
4U,BLQ,CGN,319
4U,BLQ,TXL,319
4U,BRE,STR,319 CRJ
4U,BRI,CGN,319
4U,BRI,DUS,CRJ
4U,BRI,STR,319
4U,BRU,STR,319 CRJ
4U,BSL,DUS,CRJ
4U,BUD,CGN,319 320 CRJ
4U,BUD,HAM,CRJ
4U,BUD,STR,319 CRJ
4U,CAG,CGN,319
4U,CAG,DUS,CRJ
4U,CAG,STR,319
4U,CDG,HAM,319 CRJ
4U,CFU,CGN,320 319
4U,CFU,DRS,319
4U,CFU,STR,319
4U,CGN,ALG,319
4U,CGN,ARN,CRJ
4U,CGN,ATH,319
4U,CGN,AYT,320
4U,CGN,BCN,320 319
4U,CGN,BIA,319
4U,CGN,BLQ,319
4U,CGN,BRI,319
4U,CGN,BUD,319 320 CRJ
4U,CGN,CAG,319
4U,CGN,CFU,320 319
4U,CGN,CLY,319
4U,CGN,CTA,319
4U,CGN,DBV,319
4U,CGN,DRS,319 CRJ
4U,CGN,DUB,319
4U,CGN,EDI,319
4U,CGN,FAO,319 320
4U,CGN,FCO,319 320
4U,CGN,FDH,319 CRJ
4U,CGN,HAM,319 CRJ
4U,CGN,HDF,CRJ
4U,CGN,HER,320 319
4U,CGN,IBZ,320 319
4U,CGN,JMK,319
4U,CGN,JTR,319
4U,CGN,KGS,319
4U,CGN,KLU,CRJ
4U,CGN,KVA,319 320
4U,CGN,LEJ,CRJ 319 320
4U,CGN,LHR,319 320
4U,CGN,LIS,319 320
4U,CGN,LPA,319
4U,CGN,MAN,319
4U,CGN,MXP,319 CRJ
4U,CGN,NAP,319 320
4U,CGN,NCE,319 320
4U,CGN,NDR,319
4U,CGN,OLB,319
4U,CGN,PMI,320 319
4U,CGN,PMO,319 CRJ
4U,CGN,PRG,319 320 CRJ
4U,CGN,PSA,319
4U,CGN,PUY,319 CRJ
4U,CGN,RAK,319
4U,CGN,RHO,320
4U,CGN,RJK,319
4U,CGN,RLG,319
4U,CGN,SAW,319 320
4U,CGN,SJJ,319
4U,CGN,SKG,319 320
4U,CGN,SPU,319
4U,CGN,STN,319
4U,CGN,SUF,319
4U,CGN,SZG,319
4U,CGN,TLV,319 320
4U,CGN,TUN,319
4U,CGN,TXL,319 320
4U,CGN,VCE,320 319
4U,CGN,VIE,319 320
4U,CGN,VRN,319
4U,CGN,WAW,CRJ
4U,CGN,XRY,319
4U,CGN,ZAD,319
4U,CGN,ZAG,CRJ 319
4U,CGN,ZRH,320 319
4U,CLY,CGN,319
4U,CTA,CGN,319
4U,CTA,DUS,CRJ
4U,CTA,HAJ,319
4U,CTA,HAM,319
4U,CTA,STR,319
4U,CTA,TXL,319
4U,CWL,DUS,CRJ
4U,DBV,CGN,319
4U,DBV,DUS,CRJ
4U,DBV,HAJ,319
4U,DBV,HAM,319
4U,DBV,STR,319
4U,DBV,TXL,320
4U,DRS,CFU,319
4U,DRS,CGN,319 CRJ
4U,DRS,DUS,319 CRJ
4U,DRS,STR,319 CRJ
4U,DTM,HDF,319
4U,DTM,MUC,319
4U,DTM,PMI,319 320
4U,DTM,SAW,319
4U,DTM,SPU,319
4U,DUB,CGN,319
4U,DUB,DUS,CRJ
4U,DUS,AOI,CRJ
4U,DUS,ARN,CRJ
4U,DUS,BCN,320 319
4U,DUS,BIA,320
4U,DUS,BIO,CRJ
4U,DUS,BRI,CRJ
4U,DUS,BSL,CRJ
4U,DUS,CAG,CRJ
4U,DUS,CTA,CRJ
4U,DUS,CWL,CRJ
4U,DUS,DBV,CRJ
4U,DUS,DRS,319 CRJ
4U,DUS,DUB,CRJ
4U,DUS,GVA,CRJ
4U,DUS,HDF,CRJ
4U,DUS,HER,319
4U,DUS,IBZ,320
4U,DUS,KTW,CRJ
4U,DUS,LEJ,CRJ
4U,DUS,LYS,CRJ
4U,DUS,MAD,CRJ
4U,DUS,MPL,CRJ
4U,DUS,MXP,CRJ 320
4U,DUS,NQY,CRJ
4U,DUS,NUE,CRJ
4U,DUS,OLB,CRJ
4U,DUS,PMI,320
4U,DUS,POZ,CRJ
4U,DUS,PRG,CRJ
4U,DUS,PRN,319
4U,DUS,SKG,319 320
4U,DUS,SPU,319
4U,DUS,SUF,CRJ
4U,DUS,TRN,CRJ
4U,DUS,VCE,320 319
4U,DUS,WAW,CRJ
4U,DUS,WRO,CRJ
4U,DUS,ZAD,CRJ
4U,EDI,CGN,319
4U,FAO,CGN,319 320
4U,FAO,HAM,319
4U,FAO,STR,319 320
4U,FCO,CGN,319 320
4U,FCO,HAJ,319
4U,FCO,HAM,319
4U,FCO,STR,319
4U,FCO,TXL,319
4U,FDH,CGN,319 CRJ
4U,FKB,HAM,CRJ
4U,FMM,HAM,CRJ
4U,FMM,TXL,CRJ
4U,FRA,HDF,CRJ
4U,GVA,DUS,CRJ
4U,GVA,HAM,CRJ
4U,HAJ,BCN,319
4U,HAJ,CTA,319
4U,HAJ,DBV,319
4U,HAJ,FCO,319
4U,HAJ,HER,319
4U,HAJ,MXP,319
4U,HAJ,NAP,319
4U,HAJ,PMI,319
4U,HAJ,PRN,319
4U,HAJ,SAW,319
4U,HAJ,SKG,319
4U,HAJ,SPU,319
4U,HAJ,STN,319
4U,HAJ,STR,319
4U,HAJ,SUF,319
4U,HAJ,VCE,319
4U,HAJ,VIE,319
4U,HAM,AMS,CRJ
4U,HAM,ARN,CRJ
4U,HAM,BCN,319
4U,HAM,BGO,CRJ
4U,HAM,BHX,CRJ
4U,HAM,BIA,CRJ
4U,HAM,BUD,CRJ
4U,HAM,CDG,319 CRJ
4U,HAM,CGN,319 CRJ
4U,HAM,CTA,319
4U,HAM,DBV,319
4U,HAM,FAO,319
4U,HAM,FCO,319
4U,HAM,FKB,CRJ
4U,HAM,FMM,CRJ
4U,HAM,GVA,CRJ
4U,HAM,HER,319
4U,HAM,KLU,319 CRJ
4U,HAM,LHR,319 CRJ
4U,HAM,MAD,CRJ
4U,HAM,MAN,CRJ
4U,HAM,MXP,319 CRJ
4U,HAM,NAP,319
4U,HAM,NCE,319
4U,HAM,NUE,CRJ
4U,HAM,OLB,319
4U,HAM,OSL,CRJ
4U,HAM,PMI,319
4U,HAM,PRG,CRJ
4U,HAM,PRN,319
4U,HAM,RJK,319
4U,HAM,SAW,319
4U,HAM,SKG,319
4U,HAM,SPU,319
4U,HAM,STR,319 CRJ
4U,HAM,TLS,CRJ
4U,HAM,VCE,319 CRJ
4U,HAM,VIE,319 CRJ
4U,HAM,VRN,CRJ
4U,HAM,ZRH,319 CRJ
4U,HDF,CGN,CRJ
4U,HDF,DTM,319
4U,HDF,DUS,CRJ
4U,HDF,FRA,CRJ
4U,HDF,STR,CRJ
4U,HEL,TXL,319
4U,HER,CGN,320 319
4U,HER,DUS,319
4U,HER,HAJ,319
4U,HER,HAM,319
4U,HER,STR,319
4U,HER,TXL,319
4U,IBZ,CGN,320 319
4U,IBZ,DUS,320
4U,IBZ,STR,319
4U,IBZ,TXL,319
4U,JMK,CGN,319
4U,JTR,CGN,319
4U,KGS,CGN,319
4U,KLU,CGN,CRJ
4U,KLU,HAM,319 CRJ
4U,KLU,TXL,319 CRJ
4U,KRK,STR,CRJ
4U,KTW,DUS,CRJ
4U,KVA,CGN,319 320
4U,KVA,STR,319
4U,LEJ,CGN,CRJ 319 320
4U,LEJ,DUS,CRJ
4U,LEJ,STR,319 CRJ
4U,LHR,CGN,319 320
4U,LHR,HAM,319 CRJ
4U,LHR,STR,319 320
4U,LHR,TXL,319 320
4U,LIN,TXL,319
4U,LIS,CGN,319 320
4U,LIS,STR,319
4U,LPA,CGN,319
4U,LYS,DUS,CRJ
4U,MAD,DUS,CRJ
4U,MAD,HAM,CRJ
4U,MAN,CGN,319
4U,MAN,HAM,CRJ
4U,MPL,DUS,CRJ
4U,MUC,DTM,319
4U,MXP,CGN,319 CRJ
4U,MXP,DUS,CRJ 320
4U,MXP,HAJ,319
4U,MXP,HAM,319 CRJ
4U,MXP,STR,CRJ 319
4U,NAP,CGN,319 320
4U,NAP,HAJ,319
4U,NAP,HAM,319
4U,NAP,STR,319
4U,NCE,CGN,319 320
4U,NCE,HAM,319
4U,NCE,TXL,319
4U,NDR,CGN,319
4U,NQY,DUS,CRJ
4U,NUE,DUS,CRJ
4U,NUE,HAM,CRJ
4U,NUE,TXL,319
4U,OLB,CGN,319
4U,OLB,DUS,CRJ
4U,OLB,HAM,319
4U,OLB,STR,319
4U,OSL,HAM,CRJ
4U,PMI,CGN,320 319
4U,PMI,DTM,319 320
4U,PMI,DUS,320
4U,PMI,HAJ,319
4U,PMI,HAM,319
4U,PMI,STR,319 320
4U,PMI,TXL,320
4U,PMO,CGN,319 CRJ
4U,POZ,DUS,CRJ
4U,PRG,CGN,319 320 CRJ
4U,PRG,DUS,CRJ
4U,PRG,HAM,CRJ
4U,PRN,DUS,319
4U,PRN,HAJ,319
4U,PRN,HAM,319
4U,PRN,STR,319
4U,PRN,TXL,319
4U,PSA,CGN,319
4U,PUY,CGN,319 CRJ
4U,RAK,CGN,319
4U,RHO,CGN,320
4U,RJK,CGN,319
4U,RJK,HAM,319
4U,RJK,STR,319
4U,RLG,CGN,319
4U,RLG,STR,319
4U,SAW,CGN,319 320
4U,SAW,DTM,319
4U,SAW,HAJ,319
4U,SAW,HAM,319
4U,SAW,STR,319
4U,SAW,TXL,319
4U,SJJ,CGN,319
4U,SJJ,STR,319
4U,SJJ,TXL,319
4U,SKG,CGN,319 320
4U,SKG,DUS,319 320
4U,SKG,HAJ,319
4U,SKG,HAM,319
4U,SKG,STR,319 320
4U,SPU,CGN,319
4U,SPU,DTM,319
4U,SPU,DUS,319
4U,SPU,HAJ,319
4U,SPU,HAM,319
4U,SPU,STR,319 320
4U,SPU,TXL,319
4U,STN,CGN,319
4U,STN,HAJ,319
4U,STN,STR,319
4U,STR,AGP,320 319
4U,STR,ATH,319
4U,STR,BCN,319 320
4U,STR,BDS,319
4U,STR,BEG,319
4U,STR,BIA,319
4U,STR,BIO,CRJ 319
4U,STR,BRE,319 CRJ
4U,STR,BRI,319
4U,STR,BRU,319 CRJ
4U,STR,BUD,319 CRJ
4U,STR,CAG,319
4U,STR,CFU,319
4U,STR,CTA,319
4U,STR,DBV,319
4U,STR,DRS,319 CRJ
4U,STR,FAO,319 320
4U,STR,FCO,319
4U,STR,HAJ,319
4U,STR,HAM,319 CRJ
4U,STR,HDF,CRJ
4U,STR,HER,319
4U,STR,IBZ,319
4U,STR,KRK,CRJ
4U,STR,KVA,319
4U,STR,LEJ,319 CRJ
4U,STR,LHR,319 320
4U,STR,LIS,319
4U,STR,MXP,CRJ 319
4U,STR,NAP,319
4U,STR,OLB,319
4U,STR,PMI,319 320
4U,STR,PRN,319
4U,STR,RJK,319
4U,STR,RLG,319
4U,STR,SAW,319
4U,STR,SJJ,319
4U,STR,SKG,319 320
4U,STR,SPU,319 320
4U,STR,STN,319
4U,STR,SUF,319
4U,STR,TXL,320 319 CRJ
4U,STR,VIE,319 320 CRJ
4U,STR,ZAD,319
4U,STR,ZAG,319
4U,SUF,CGN,319
4U,SUF,DUS,CRJ
4U,SUF,HAJ,319
4U,SUF,STR,319
4U,SZG,CGN,319
4U,TLS,HAM,CRJ
4U,TLV,CGN,319 320
4U,TRN,DUS,CRJ
4U,TUN,CGN,319
4U,TXL,AGP,319
4U,TXL,AOI,CRJ
4U,TXL,BHX,319
4U,TXL,BIA,320
4U,TXL,BLQ,319
4U,TXL,CGN,320 319
4U,TXL,CTA,319
4U,TXL,DBV,320
4U,TXL,FCO,319
4U,TXL,FMM,CRJ
4U,TXL,HEL,319
4U,TXL,HER,319
4U,TXL,IBZ,319
4U,TXL,KLU,319 CRJ
4U,TXL,LHR,319 320
4U,TXL,LIN,319
4U,TXL,NCE,319
4U,TXL,NUE,319
4U,TXL,PMI,320
4U,TXL,PRN,319
4U,TXL,SAW,319
4U,TXL,SJJ,319
4U,TXL,SPU,319
4U,TXL,STR,319 320 CRJ
4U,TXL,VIE,319 320
4U,TXL,VRN,319
4U,TXL,ZAD,319
4U,VCE,CGN,320 319
4U,VCE,DUS,320 319
4U,VCE,HAJ,319
4U,VCE,HAM,319 CRJ
4U,VIE,CGN,319 320
4U,VIE,HAJ,319
4U,VIE,HAM,319 CRJ
4U,VIE,STR,319 320 CRJ
4U,VIE,TXL,319 320
4U,VRN,CGN,319
4U,VRN,HAM,CRJ
4U,VRN,TXL,319
4U,WAW,CGN,CRJ
4U,WAW,DUS,CRJ
4U,WRO,DUS,CRJ
4U,XRY,CGN,319
4U,ZAD,CGN,319
4U,ZAD,DUS,CRJ
4U,ZAD,STR,319
4U,ZAD,TXL,319
4U,ZAG,CGN,CRJ 319
4U,ZAG,STR,319
4U,ZRH,CGN,320 319
4U,ZRH,HAM,319 CRJ
4W,AKP,FAI,PA2
4W,BTT,AKP,PA2
4W,BTT,CXF,PA2
4W,CEM,IRC,PA2
4W,CIK,FAI,PA2
4W,CIK,FYU,PA2
4W,CXF,AKP,PA2
4W,FAI,BTT,PA2
4W,FAI,CEM,PA2
4W,FAI,CIK,PA2
4W,FAI,FYU,PA2
4W,FAI,MLY,CN1
4W,FAI,RMP,CN1
4W,FAI,SVS,PA2
4W,FAI,TAL,PA2
4W,FAI,WBQ,PA2
4W,FYU,CIK,PA2
4W,FYU,FAI,PA2
4W,IRC,FAI,PA2
4W,MLY,MNT,CN1
4W,MNT,FAI,CN1
4W,RMP,FAI,CN1
4W,SVS,FAI,PA2
4W,SVS,WBQ,PA2
4W,TAL,FAI,PA2
4W,WBQ,FAI,PA2
4W,WBQ,SVS,PA2
4Y,AKI,TLT,CNA
4Y,ATT,KUK,CNA
4Y,BET,ATT,CNA
4Y,BET,EEK,CNA
4Y,BET,GNU,CNA
4Y,BET,KPN,CNA
4Y,BET,KWN,CNA
4Y,BET,KWT,CNA
4Y,BET,MLL,CNA
4Y,BET,NME,CNA
4Y,BET,WNA,CNA
4Y,BET,WTL,CNA
4Y,CYF,BET,CNA
4Y,EEK,BET,CNA
4Y,EEK,KWN,CNA
4Y,GNU,PTU,CNA
4Y,KKH,KWK,CNA
4Y,KKI,AKI,CNA
4Y,KPN,CYF,CNA
4Y,KUK,NUP,CNA
4Y,KWK,BET,CNA
4Y,KWN,BET,CNA
4Y,KWN,EEK,CNA
4Y,KWT,KKI,CNA
4Y,MLL,PQS,CNA
4Y,NME,OOK,CNA
4Y,NUP,BET,CNA
4Y,OOK,TNK,CNA
4Y,PKA,BET,CNA
4Y,PQS,BET,CNA
4Y,PTU,BET,CNA
4Y,TLT,BET,CNA
4Y,TNK,WWT,CNA
4Y,WNA,PKA,CNA
4Y,WTL,KKH,CNA
4Y,WWT,BET,CNA
5C,BOC,SJO,DHT
5C,DRK,SJO,DHT
5C,FON,XQP,DHT
5C,GLF,PJM,DHT
5C,LIR,SJO,DHT
5C,LIR,SYQ,DHT
5C,LIR,TNO,DHT
5C,MGA,SJO,DHT
5C,NOB,TMU,CNA
5C,PJM,SJO,DHT
5C,PMZ,SJO,CNA
5C,SJO,BOC,DHT
5C,SJO,DRK,DHT
5C,SJO,FON,DHT
5C,SJO,GLF,DHT
5C,SJO,MGA,DHT
5C,SJO,NOB,CNA
5C,SJO,PJM,DHT
5C,SJO,TMU,DHT
5C,SJO,TNO,DHT
5C,SJO,TTQ,CNA
5C,SJO,XQP,CNA DHT
5C,SYQ,LIR,DHT
5C,TMU,SJO,CNA DHT
5C,TNO,LIR,DHT
5C,TNO,SJO,DHT
5C,TTQ,SJO,CNA
5C,XQP,PMZ,CNA
5C,XQP,SJO,CNA DHT
5G,ACC,KMS,AT7
5G,KMS,ACC,AT7
5H,EDL,LOK,DH8
5H,EDL,NBO,DH8 CRJ
5H,JUB,NBO,CRJ
5H,KIS,EDL,CRJ
5H,KIS,NBO,CRJ CNA
5H,LAU,MYD,DH8
5H,LOK,EDL,DH8
5H,MBA,NBO,CRJ
5H,MBA,ZNZ,CRJ
5H,MYD,LAU,DH8
5H,MYD,NBO,DH8
5H,NBO,EDL,DH8 CRJ
5H,NBO,JUB,CRJ
5H,NBO,KIS,CRJ
5H,NBO,LOK,DH8
5H,NBO,MBA,CRJ
5H,NBO,MYD,DH8
5H,ZNZ,MBA,CRJ
5J,BCD,CEB,320 ATR
5J,BCD,CGY,ATR
5J,BCD,DVO,320
5J,BCD,MNL,320 319
5J,BKI,MNL,320
5J,BKK,MNL,320
5J,BWN,MNL,320
5J,BXU,CEB,319
5J,BXU,MNL,320
5J,CAN,MNL,320
5J,CBO,MNL,319 320
5J,CEB,BCD,320 ATR
5J,CEB,BXU,319
5J,CEB,CGM,ATR
5J,CEB,CGY,ATR 320 319
5J,CEB,CRK,319
5J,CEB,DGT,ATR
5J,CEB,DPL,ATR
5J,CEB,DVO,320 319
5J,CEB,GES,320
5J,CEB,HKG,320
5J,CEB,IAO,ATR
5J,CEB,ICN,320
5J,CEB,ILO,319 320
5J,CEB,KLO,320
5J,CEB,LGP,ATR
5J,CEB,MNL,319 320 330 ATR
5J,CEB,MPH,ATR
5J,CEB,OZC,ATR
5J,CEB,PAG,ATR
5J,CEB,PPS,320
5J,CEB,PUS,320
5J,CEB,SIN,320
5J,CEB,SUG,ATR
5J,CEB,TAC,ATR 319
5J,CEB,USU,ATR
5J,CEB,ZAM,319
5J,CGK,MNL,320
5J,CGM,CEB,ATR
5J,CGY,BCD,ATR
5J,CGY,CEB,320 ATR 319
5J,CGY,DVO,ATR
5J,CGY,ILO,319
5J,CGY,MNL,320 319
5J,CRK,CEB,319
5J,CRK,HKG,319
5J,CRK,MFM,319
5J,CRK,SIN,319
5J,CYZ,MNL,319
5J,DGT,CEB,ATR
5J,DGT,MNL,319
5J,DPL,CEB,ATR
5J,DPL,DVO,ATR
5J,DPL,MNL,320 319
5J,DPS,MNL,320
5J,DVO,BCD,320
5J,DVO,CEB,320 319
5J,DVO,CGY,ATR
5J,DVO,DPL,ATR
5J,DVO,ILO,320 319
5J,DVO,MNL,320 330
5J,DVO,PPS,319
5J,DVO,ZAM,319
5J,DXB,MNL,330
5J,GES,CEB,320
5J,GES,ILO,319
5J,GES,MNL,320
5J,HAN,MNL,319
5J,HKG,CEB,320
5J,HKG,CRK,319
5J,HKG,ILO,319
5J,HKG,MNL,320
5J,HKT,MNL,320
5J,IAO,CEB,ATR
5J,ICN,CEB,320
5J,ICN,KLO,320
5J,ICN,MNL,330
5J,ILO,CEB,319 320
5J,ILO,CGY,319
5J,ILO,DVO,320 319
5J,ILO,GES,319
5J,ILO,HKG,319
5J,ILO,MNL,320 319
5J,ILO,PPS,319
5J,ILO,SIN,319
5J,KIX,MNL,320
5J,KLO,CEB,320
5J,KLO,ICN,320
5J,KLO,MNL,320 ATR 319
5J,KUL,MNL,320
5J,LAO,MNL,319
5J,LGP,CEB,ATR
5J,LGP,MNL,320 319
5J,MFM,CRK,319
5J,MFM,MNL,319
5J,MNL,BCD,320 319
5J,MNL,BKI,320
5J,MNL,BKK,320
5J,MNL,BWN,320
5J,MNL,BXU,320
5J,MNL,CAN,320
5J,MNL,CBO,319 320
5J,MNL,CEB,319 320 330 ATR
5J,MNL,CGK,320
5J,MNL,CGY,320 319
5J,MNL,CYZ,319
5J,MNL,DGT,319
5J,MNL,DPL,320 319
5J,MNL,DPS,320
5J,MNL,DVO,320 330
5J,MNL,DXB,330
5J,MNL,GES,320
5J,MNL,HAN,319
5J,MNL,HKG,320
5J,MNL,HKT,320
5J,MNL,ICN,330
5J,MNL,ILO,320 319
5J,MNL,KIX,320
5J,MNL,KLO,320 ATR 319
5J,MNL,KUL,320
5J,MNL,LAO,319
5J,MNL,LGP,320 319
5J,MNL,MFM,319
5J,MNL,MPH,ATR
5J,MNL,NGO,320
5J,MNL,NRT,320
5J,MNL,OZC,320
5J,MNL,PAG,319 320
5J,MNL,PEK,320
5J,MNL,PPS,320 319
5J,MNL,PUS,320
5J,MNL,PVG,320
5J,MNL,REP,320
5J,MNL,RXS,320
5J,MNL,SGN,320
5J,MNL,SIN,330 320
5J,MNL,SJI,319
5J,MNL,TAC,320
5J,MNL,TAG,319
5J,MNL,TPE,320
5J,MNL,TUG,319
5J,MNL,USU,ATR
5J,MNL,VRC,319
5J,MNL,WNP,ATR
5J,MNL,XMN,320
5J,MNL,ZAM,320
5J,MPH,CEB,ATR
5J,MPH,MNL,ATR
5J,NGO,MNL,320
5J,NRT,MNL,320
5J,OZC,CEB,ATR
5J,OZC,MNL,320
5J,PAG,CEB,ATR
5J,PAG,MNL,319 320
5J,PEK,MNL,320
5J,PPS,CEB,320
5J,PPS,DVO,319
5J,PPS,ILO,319
5J,PPS,MNL,320 319
5J,PUS,CEB,320
5J,PUS,MNL,320
5J,PVG,MNL,320
5J,REP,MNL,320
5J,RXS,MNL,320
5J,SGN,MNL,320
5J,SIN,CEB,320
5J,SIN,CRK,319
5J,SIN,ILO,319
5J,SIN,MNL,320 330
5J,SJI,MNL,319
5J,SUG,CEB,ATR
5J,TAC,CEB,ATR 319
5J,TAC,MNL,320
5J,TAG,MNL,319
5J,TPE,MNL,320
5J,TUG,MNL,319
5J,USU,CEB,ATR
5J,USU,MNL,ATR
5J,VRC,MNL,319
5J,WNP,MNL,ATR
5J,XMN,MNL,320
5J,ZAM,CEB,319
5J,ZAM,DVO,319
5J,ZAM,MNL,320
5M,ANU,NEV,BNI
5M,NEV,ANU,BNI
5N,ARH,CSH,AN4
5N,ARH,LED,735
5N,ARH,MMK,AN4
5N,ARH,NNM,AT5
5N,ARH,SVO,735
5N,ARH,USK,AN4
5N,CSH,ARH,AN4
5N,LED,ARH,735
5N,LED,MMK,735
5N,LED,SCW,735
5N,MMK,ARH,AN4
5N,MMK,LED,735
5N,MMK,SVO,735
5N,MMK,TOS,AN4
5N,NNM,ARH,AT5
5N,SCW,LED,735
5N,SCW,SVO,735
5N,SVO,ARH,735
5N,SVO,MMK,735
5N,SVO,SCW,735
5N,TOS,MMK,AN4
5N,USK,ARH,AN4
5P,ANF,IQQ,737
5P,CCP,SCL,737
5P,IQQ,SCL,737
5P,SCL,ANF,737
5Q,AEP,MVD,AT7
5Q,AEP,PDP,AT7
5Q,ASU,MVD,AT7
5Q,CWB,MVD,AT7
5Q,EZE,MVD,AT7
5Q,GIG,MVD,AT7 319
5Q,GRU,MVD,AT7 319
5Q,MVD,AEP,AT7
5Q,MVD,ASU,AT7
5Q,MVD,CWB,AT7
5Q,MVD,EZE,AT7
5Q,MVD,GIG,AT7 319
5Q,MVD,GRU,319 AT7
5Q,MVD,POA,AT7
5Q,MVD,SCL,319
5Q,PDP,AEP,AT7
5Q,POA,MVD,AT7
5Q,SCL,MVD,319
5T,YBK,YCS,ATR
5T,YBK,YXN,ATR
5T,YCB,YCO,DH8 73M
5T,YCB,YYH,DH8
5T,YCB,YZF,DH8 73M
5T,YCO,YCB,DH8 73M
5T,YCO,YZF,DH8 73M
5T,YCS,YBK,AT4
5T,YCS,YRT,ATR AT4
5T,YCY,YFB,DH8
5T,YCY,YIO,DH8
5T,YEG,YZF,73M 733
5T,YEK,YXN,ATR AT4
5T,YEK,YYQ,ATR AT4
5T,YEV,YVQ,73M 733
5T,YFB,YCY,DH8
5T,YFB,YGT,BE1 DH8
5T,YFB,YOW,73M
5T,YFB,YRT,73M
5T,YFB,YTE,BE1 DH8
5T,YFB,YUX,BE1 DH8
5T,YFB,YXP,DH8
5T,YGT,YFB,DH8
5T,YGT,YIO,DH8
5T,YGT,YUX,DH8 BE1
5T,YHK,YYH,DH8
5T,YHK,YZF,DH8
5T,YIO,YCY,DH8
5T,YIO,YGT,DH8
5T,YOW,YFB,73M
5T,YRT,YBK,AT4
5T,YRT,YCS,ATR AT4
5T,YRT,YEK,ATR
5T,YRT,YFB,73M
5T,YRT,YUT,AT4
5T,YRT,YYQ,ATR FRJ AT4
5T,YRT,YZF,73M
5T,YRT,YZS,ATR AT4
5T,YTE,YFB,BE1 DH8
5T,YTH,YYQ,ATR
5T,YUX,YFB,DH8 BE1
5T,YUX,YGT,BE1 DH8
5T,YVM,YXP,DH8
5T,YVQ,YEV,73M 733
5T,YVQ,YZF,73M 733
5T,YWG,YRT,FRJ ATR
5T,YWG,YYQ,FRJ
5T,YXN,YRT,ATR AT4
5T,YXP,YFB,DH8
5T,YXP,YVM,DH8
5T,YYH,YCB,DH8
5T,YYH,YHK,DH8
5T,YYQ,YEK,ATR
5T,YYQ,YRT,ATR AT4 FRJ
5T,YYQ,YTH,AT4
5T,YYQ,YWG,ATR FRJ AT4
5T,YZF,YCB,DH8 73M
5T,YZF,YCO,DH8 73M
5T,YZF,YEG,73M 733
5T,YZF,YHK,DH8
5T,YZF,YRT,73M
5T,YZF,YVQ,73M 733
5T,YZF,YYH,DH8
5T,YZS,YRT,ATR
5T,YZS,YUT,AT4
5U,BZE,FRS,CNA
5U,FRS,BZE,CNA
5U,FRS,GUA,EMB SF3
5U,GUA,FRS,SF3 EMB
5U,GUA,SAP,SF3
5U,GUA,TGU,SF3
5U,RTB,GUA,SF3
5U,SAP,GUA,SF3
5U,TGU,GUA,SF3
5Z,CPT,PBZ,BEH
5Z,ELL,JNB,BEH
5Z,JNB,ELL,BEH
5Z,JNB,MGH,BEH
5Z,MGH,JNB,BEH
5Z,PBZ,CPT,BEH
5Z,PBZ,JNB,BEH
6E,AMD,BLR,320
6E,AMD,BOM,320
6E,AMD,CCU,320
6E,AMD,DEL,320
6E,AMD,GOI,320
6E,AMD,HYD,320
6E,AMD,JAI,320
6E,AMD,MAA,320
6E,AMD,PNQ,320
6E,BBI,BLR,320
6E,BBI,BOM,320
6E,BBI,CCU,320
6E,BBI,DEL,320
6E,BBI,HYD,320
6E,BBI,VTZ,320
6E,BDQ,BOM,320
6E,BDQ,DEL,320
6E,BKK,CCU,320
6E,BKK,DEL,320
6E,BLR,AMD,320
6E,BLR,BBI,320
6E,BLR,BOM,320
6E,BLR,CCU,320
6E,BLR,COK,320
6E,BLR,DEL,320
6E,BLR,GAU,320
6E,BLR,GOI,320
6E,BLR,HYD,320
6E,BLR,JAI,320
6E,BLR,LKO,320
6E,BLR,MAA,320
6E,BLR,NAG,320
6E,BLR,PNQ,320
6E,BLR,TRV,320
6E,BLR,VTZ,320
6E,BOM,AMD,320
6E,BOM,BBI,320
6E,BOM,BDQ,320
6E,BOM,BLR,320
6E,BOM,CCU,320
6E,BOM,CJB,320
6E,BOM,COK,320
6E,BOM,DEL,320
6E,BOM,DXB,320
6E,BOM,GAU,320
6E,BOM,GOI,320
6E,BOM,HYD,320
6E,BOM,IDR,320
6E,BOM,IXC,320
6E,BOM,IXJ,320
6E,BOM,JAI,320
6E,BOM,LKO,320
6E,BOM,MAA,320
6E,BOM,MCT,320
6E,BOM,NAG,320
6E,BOM,PAT,320
6E,BOM,SXR,320
6E,BOM,TRV,320
6E,CCU,AMD,320
6E,CCU,BBI,320
6E,CCU,BKK,320
6E,CCU,BLR,320
6E,CCU,BOM,320
6E,CCU,DEL,320
6E,CCU,DIB,320
6E,CCU,GAU,320
6E,CCU,HYD,320
6E,CCU,IMF,320
6E,CCU,IXA,320
6E,CCU,IXB,320
6E,CCU,IXR,320
6E,CCU,JAI,320
6E,CCU,MAA,320
6E,CCU,NAG,320
6E,CCU,PAT,320
6E,CCU,PNQ,320
6E,CCU,RPR,320
6E,CJB,BOM,320
6E,CJB,DEL,320
6E,CJB,MAA,320
6E,COK,BLR,320
6E,COK,BOM,320
6E,COK,DEL,320
6E,COK,DXB,320
6E,COK,HYD,320
6E,COK,MAA,320
6E,COK,TRV,320
6E,DEL,AMD,320
6E,DEL,BBI,320
6E,DEL,BDQ,320
6E,DEL,BKK,320
6E,DEL,BLR,320
6E,DEL,BOM,320
6E,DEL,CCU,320
6E,DEL,CJB,320
6E,DEL,COK,320
6E,DEL,DIB,320
6E,DEL,DXB,320
6E,DEL,GAU,320
6E,DEL,GOI,320
6E,DEL,HYD,320
6E,DEL,IDR,320
6E,DEL,IXB,320
6E,DEL,IXJ,320
6E,DEL,IXR,320
6E,DEL,KTM,320
6E,DEL,LKO,320
6E,DEL,MAA,320
6E,DEL,NAG,320
6E,DEL,PAT,320
6E,DEL,PNQ,320
6E,DEL,RPR,320
6E,DEL,SXR,320
6E,DEL,VNS,320
6E,DIB,CCU,320
6E,DIB,GAU,320
6E,DXB,BOM,320
6E,DXB,COK,320
6E,DXB,DEL,320
6E,DXB,HYD,320
6E,DXB,MAA,320
6E,DXB,TRV,320
6E,GAU,BLR,320
6E,GAU,BOM,320
6E,GAU,CCU,320
6E,GAU,DEL,320
6E,GAU,IMF,320
6E,GAU,IXA,320
6E,GAU,IXB,320
6E,GOI,AMD,320
6E,GOI,BLR,320
6E,GOI,BOM,320
6E,GOI,DEL,320
6E,GOI,HYD,320
6E,HYD,AMD,320
6E,HYD,BBI,320
6E,HYD,BLR,320
6E,HYD,BOM,320
6E,HYD,CCU,320
6E,HYD,COK,320
6E,HYD,DEL,320
6E,HYD,DXB,320
6E,HYD,GOI,320
6E,HYD,JAI,320
6E,HYD,MAA,320
6E,HYD,PNQ,320
6E,HYD,RPR,320
6E,HYD,VTZ,320
6E,IDR,BOM,320
6E,IDR,DEL,320
6E,IDR,NAG,320
6E,IDR,RPR,320
6E,IMF,CCU,320
6E,IMF,GAU,320
6E,IMF,IXA,320
6E,IXA,CCU,320
6E,IXA,GAU,320
6E,IXA,IMF,320
6E,IXB,CCU,320
6E,IXB,DEL,320
6E,IXB,GAU,320
6E,IXC,BOM,320
6E,IXJ,DEL,320
6E,IXJ,SXR,320
6E,IXR,BOM,320
6E,IXR,CCU,320
6E,IXR,DEL,320
6E,IXR,PAT,320
6E,JAI,AMD,320
6E,JAI,BLR,320
6E,JAI,BOM,320
6E,JAI,CCU,320
6E,JAI,HYD,320
6E,KTM,DEL,320
6E,LKO,BLR,320
6E,LKO,BOM,320
6E,LKO,DEL,320
6E,LKO,PAT,320
6E,MAA,AMD,320
6E,MAA,BLR,320
6E,MAA,BOM,320
6E,MAA,CCU,320
6E,MAA,CJB,320
6E,MAA,COK,320
6E,MAA,DEL,320
6E,MAA,DXB,320
6E,MAA,HYD,320
6E,MAA,PNQ,320
6E,MAA,SIN,320
6E,MAA,TRV,320
6E,MAA,VTZ,320
6E,MCT,BOM,320
6E,NAG,BLR,320
6E,NAG,BOM,320
6E,NAG,CCU,320
6E,NAG,DEL,320
6E,NAG,IDR,320
6E,NAG,PNQ,320
6E,PAT,CCU,320
6E,PAT,DEL,320
6E,PAT,IXR,320
6E,PAT,LKO,320
6E,PNQ,AMD,320
6E,PNQ,BLR,320
6E,PNQ,CCU,320
6E,PNQ,DEL,320
6E,PNQ,HYD,320
6E,PNQ,MAA,320
6E,PNQ,NAG,320
6E,RPR,CCU,320
6E,RPR,DEL,320
6E,RPR,HYD,320
6E,RPR,IDR,320
6E,SIN,MAA,320
6E,SXR,BOM,320
6E,SXR,DEL,320
6E,SXR,IXJ,320
6E,TRV,BLR,320
6E,TRV,BOM,320
6E,TRV,COK,320
6E,TRV,DXB,320
6E,TRV,MAA,320
6E,VNS,DEL,320
6E,VTZ,BBI,320
6E,VTZ,BLR,320
6E,VTZ,HYD,320
6E,VTZ,MAA,320
6H,ETH,SDV,AT4
6H,ETH,TLV,320
6H,FCO,TLV,320
6H,NCE,TLV,320
6H,SDV,ETH,AT4
6H,SXF,TLV,320
6H,TBS,TLV,320
6H,TLV,ETH,320
6H,TLV,FCO,320
6H,TLV,NCE,320
6H,TLV,SXF,320
6H,TLV,TBS,320
6I,CPH,SGD,AT7
6I,SGD,CPH,AT7
6L,YEV,YHI,DHT
6L,YEV,YPC,DHT
6L,YEV,YSY,DHT
6L,YEV,YUB,DHT
6L,YEV,ZFM,DHT
6L,YHI,YEV,DHT
6L,YHI,YSY,DHT
6L,YPC,YEV,DHT
6L,YSY,YEV,DHT
6L,YSY,YHI,DHT
6L,YUB,YEV,DHT
6L,ZFM,YEV,DHT
6R,DME,KRR,738 73G
6R,DME,LED,738
6R,DME,MJZ,738
6R,DME,PYJ,TU5
6R,IKT,MJZ,738
6R,IKT,ULK,AN4
6R,KJA,MJZ,TU3
6R,KRR,DME,738 73G
6R,KRR,OVB,738
6R,LED,DME,738
6R,LED,OVB,738
6R,MJZ,DME,738
6R,MJZ,IKT,738
6R,MJZ,KJA,TU3
6R,MJZ,OVB,TU5 738
6R,MJZ,PYJ,AN4
6R,MJZ,YKS,TU3 AN4
6R,OVB,KRR,738
6R,OVB,LED,738
6R,OVB,MJZ,TU5 738
6R,OVB,PYJ,TU5
6R,PYJ,DME,TU5
6R,PYJ,MJZ,AN4
6R,PYJ,OVB,TU5
6R,PYJ,YKS,AN4
6R,ULK,IKT,AN4
6R,ULK,YKS,AN4
6R,YKS,MJZ,TU3 AN4
6R,YKS,PYJ,AN4
6R,YKS,ULK,AN4
6T,AKY,RGN,ATR
6T,AKY,SNW,ATR
6T,HEH,MDL,ATR
6T,HEH,RGN,ATR
6T,KAW,MGZ,ATR
6T,MDL,HEH,ATR
6T,MDL,NYU,ATR
6T,MDL,THL,ATR
6T,MGZ,KAW,ATR
6T,MGZ,TVY,ATR
6T,NYU,MDL,ATR
6T,NYU,RGN,ATR
6T,RGN,AKY,ATR
6T,RGN,HEH,ATR
6T,RGN,NYU,ATR
6T,RGN,SNW,ATR
6T,RGN,TVY,ATR
6T,SNW,AKY,ATR
6T,SNW,RGN,ATR
6T,THL,MDL,ATR
6T,TVY,MGZ,ATR
6T,TVY,RGN,ATR
6W,DME,RTW,YK2 E90
6W,EVN,RTW,YK2
6W,MRV,RTW,YK2
6W,PRG,RTW,E90
6W,RTW,DME,E90 YK2
6W,RTW,EVN,YK2
6W,RTW,MRV,YK2
6W,RTW,PRG,E90
6W,RTW,SVX,YK2
6W,SVX,RTW,YK2
6Y,RIX,TFS,320
6Y,TFS,RIX,320
7C,BKK,ICN,737
7C,BKK,PUS,737
7C,CEB,ICN,737
7C,CEB,PUS,737
7C,CJJ,CJU,737
7C,CJU,CJJ,737
7C,CJU,GMP,737
7C,CJU,PUS,737
7C,FUK,ICN,737
7C,GMP,CJU,737 738
7C,GMP,KIX,737
7C,GMP,NGO,737
7C,GUM,ICN,737
7C,HKG,ICN,737
7C,ICN,BKK,737
7C,ICN,CEB,737
7C,ICN,FUK,737
7C,ICN,GUM,737
7C,ICN,HKG,737
7C,ICN,KIX,737
7C,ICN,MNL,737
7C,ICN,NGO,737
7C,ICN,NRT,737
7C,ICN,TAO,737
7C,KIX,GMP,737
7C,KIX,ICN,737
7C,MNL,ICN,737
7C,NGO,GMP,737
7C,NGO,ICN,737
7C,NRT,ICN,737
7C,PUS,BKK,737
7C,PUS,CJU,737
7C,TAO,ICN,737
7E,GWT,HAM,CNA
7E,HAM,GWT,CNA
7F,YAB,YFB,AT4
7F,YAB,YRB,AT4
7F,YBK,YRT,AT4
7F,YBK,YUT,AT4
7F,YCB,YCO,AT7
7F,YCB,YHK,AT7
7F,YCB,YZF,AT7 73M
7F,YCO,YCB,AT7
7F,YCO,YHI,AT7
7F,YCO,YZF,AT7
7F,YCS,YRT,AT4
7F,YCS,YZS,AT4
7F,YCY,YFB,AT4
7F,YCY,YIO,AT4
7F,YEG,YZF,73M 737
7F,YEK,YRT,AT4
7F,YEK,YXN,AT4
7F,YEV,YVQ,73M
7F,YFB,YAB,AT4
7F,YFB,YCY,AT4
7F,YFB,YGT,AT4
7F,YFB,YLC,DHT
7F,YFB,YOW,73M
7F,YFB,YRT,73M
7F,YFB,YTE,AT4
7F,YFB,YUX,AT4
7F,YFB,YVP,73M
7F,YFB,YXP,AT4
7F,YFS,YZF,AT4 AT7
7F,YGT,YFB,AT4
7F,YGT,YUX,AT4
7F,YHI,YCO,AT7
7F,YHK,YCB,AT7
7F,YHK,YYH,AT7
7F,YHY,YZF,AT4 AT7
7F,YIO,YCY,AT4
7F,YLC,YFB,DHT
7F,YOW,YFB,73M
7F,YRB,YAB,AT4
7F,YRT,YBK,AT4
7F,YRT,YCS,AT4
7F,YRT,YEK,AT4
7F,YRT,YFB,73M
7F,YRT,YWG,73M AT4
7F,YRT,YXN,AT4
7F,YRT,YZF,73M
7F,YTE,YFB,AT4
7F,YTE,YZS,AT4
7F,YUL,YVP,73M
7F,YUT,YBK,AT4
7F,YUX,YFB,AT4
7F,YUX,YGT,AT4
7F,YVM,YXP,AT4
7F,YVP,YFB,73M
7F,YVP,YUL,73M
7F,YVQ,YEV,73M
7F,YVQ,YZF,73M
7F,YWG,YRT,73M AT4
7F,YXN,YEK,AT4
7F,YXN,YRT,AT4
7F,YXP,YFB,AT4
7F,YXP,YVM,AT4
7F,YYH,YHK,AT7
7F,YYH,YZF,AT7
7F,YZF,YCB,73M AT7
7F,YZF,YCO,AT7
7F,YZF,YEG,73M 737
7F,YZF,YFS,AT4 AT7
7F,YZF,YHK,AT7 AT4
7F,YZF,YHY,AT4 AT7
7F,YZF,YRT,73M
7F,YZF,YVQ,73M
7F,YZS,YCS,AT4
7F,YZS,YTE,AT4
7G,FUK,HND,320
7G,HND,FUK,320
7G,HND,KIX,320
7G,HND,KKJ,320
7G,KIX,HND,320
7G,KKJ,HND,320
7H,ABL,OTZ,CNC
7H,ABL,SHG,CNC
7H,ADQ,ANC,DH8 BE1
7H,AIN,ATK,CNC
7H,AIN,BRW,BE1 CNC
7H,AKI,KKI,CNA
7H,AKI,TLT,CNA
7H,ANC,ADQ,DH8 BE1
7H,ANC,ANI,BE1 DH8
7H,ANC,BET,DH8
7H,ANC,CDV,BE1
7H,ANC,ENA,BE1 DH8
7H,ANC,FAI,DH8 BE1
7H,ANC,HOM,BE1 DH8
7H,ANC,KSM,DH8
7H,ANC,UNK,DH8
7H,ANC,VDZ,DH8 BE1
7H,ANI,ANC,BE1 DH8
7H,ANI,CHU,CNA
7H,ANI,HCR,CNC
7H,ANI,KLG,CNA CNC
7H,ANI,RSH,CNA
7H,ANI,SHX,CNC
7H,ANV,HCR,CNC
7H,ANV,KGX,CNC
7H,ATK,AIN,CNC
7H,ATK,BRW,CNC
7H,ATT,BET,CNA
7H,AUK,EMK,CNA
7H,AUK,SXP,CNA
7H,BET,ANC,DH8
7H,BET,CYF,CNA
7H,BET,EEK,CNA
7H,BET,HPB,CNA
7H,BET,KKH,CNA
7H,BET,KLG,CNA CNC
7H,BET,KUK,CNA
7H,BET,KWK,CNA
7H,BET,KWN,CNA
7H,BET,KWT,CNA
7H,BET,MLL,CNA
7H,BET,NME,CNA CNC
7H,BET,OOK,CNA CNC
7H,BET,PQS,CNA
7H,BET,TLT,CNA
7H,BET,VAK,CNA
7H,BET,WTL,CNA
7H,BKC,DRG,CNC
7H,BKC,OTZ,CNC
7H,BRW,AIN,BE1 CNC
7H,BRW,ATK,CNC
7H,BRW,NUI,BE1
7H,BRW,PIZ,CNC BE1
7H,BTI,FYU,BE1
7H,BTI,SCC,BE1
7H,CDV,ANC,BE1
7H,CHU,CKD,CNA
7H,CKD,RDV,CNA
7H,CKD,SLQ,CNA
7H,CYF,BET,CNA
7H,CYF,KPN,CNA
7H,DRG,BKC,CNC
7H,DRG,OTZ,CNC
7H,EEK,KWN,CNA
7H,ELI,KKA,PAG
7H,ELI,OME,PAG
7H,EMK,AUK,CNA
7H,EMK,KOT,CNA
7H,ENA,ANC,BE1 DH8
7H,FAI,ANC,DH8 BE1
7H,FAI,FYU,BE1
7H,FAI,GAL,BE1
7H,FAI,RBY,CNC
7H,FAI,SCC,DH8
7H,FYU,BTI,BE1
7H,FYU,FAI,BE1
7H,GAL,FAI,BE1
7H,GAL,HSL,CNC
7H,GAL,KAL,CNC
7H,GAL,NUL,CNC BE1
7H,GAL,RBY,CNC
7H,GAM,OME,BE1
7H,GAM,SVA,BE1
7H,GLV,OME,PAG
7H,GLV,WMO,PAG
7H,HCR,ANI,CNC
7H,HCR,ANV,CNC
7H,HOM,ANC,BE1 DH8
7H,HPB,SCM,CNA
7H,HPB,VAK,CNA
7H,HSL,GAL,CNC
7H,HSL,KYU,CNC
7H,IAN,ORV,CNC
7H,IAN,OTZ,CNC
7H,KAL,GAL,CNC BE1
7H,KAL,NUL,CNC
7H,KGX,ANV,CNC
7H,KGX,SHX,CNC
7H,KKA,ELI,PAG
7H,KKA,SKK,PAG
7H,KKA,UNK,CNC
7H,KKH,BET,CNA
7H,KKH,KWK,CNA
7H,KKI,AKI,CNA
7H,KKI,KWT,CNA
7H,KLG,ANI,CNA CNC
7H,KLG,BET,CNA CNC
7H,KLG,RSH,CNA
7H,KOT,EMK,CNA
7H,KOT,KSM,CNA
7H,KOT,WBB,CNC
7H,KPN,BET,CNA
7H,KPN,CYF,CNA
7H,KSM,ANC,DH8
7H,KSM,KOT,CNA
7H,KSM,MOU,CNA
7H,KSM,SXP,CNA
7H,KTS,TLA,PAG
7H,KTS,WAA,PAG
7H,KUK,NUP,CNA
7H,KVL,OTZ,CNC
7H,KWK,BET,CNA
7H,KWK,KKH,CNA
7H,KWK,KPN,CNA
7H,KWN,BET,CNA
7H,KWN,TOG,CNA
7H,KWT,BET,CNA
7H,KWT,KKI,CNA
7H,KYU,GAL,CNC
7H,MLL,RSH,CNA
7H,MOU,KSM,CNA
7H,MOU,PQS,CNA
7H,MYU,BET,CNA CNC
7H,NME,OOK,CNA
7H,NME,TNK,CNC CNA
7H,NUI,BRW,BE1
7H,NUI,SCC,BE1
7H,NUL,GAL,CNC
7H,NUL,KAL,CNC BE1
7H,NUP,ATT,CNA
7H,OBU,ABL,CNC
7H,OBU,OTZ,CNC
7H,OME,ELI,PAG
7H,OME,GAM,BE1
7H,OME,GLV,PAG
7H,OME,KTS,PAG
7H,OME,SHH,PAG CNT
7H,OME,SKK,PAG
7H,OME,SVA,BE1
7H,OME,TLA,PAG
7H,OME,UNK,CNC
7H,OME,WAA,PAG
7H,OME,WBB,CNC
7H,OME,WMO,PAG
7H,OOK,MYU,CNC CNA
7H,OOK,TNK,CNA
7H,ORV,IAN,CNC
7H,ORV,OTZ,CNC
7H,OTZ,ABL,CNC
7H,OTZ,BKC,CNC
7H,OTZ,DRG,CNC
7H,OTZ,IAN,CNC
7H,OTZ,ORV,CNC
7H,OTZ,PHO,CNC
7H,OTZ,SHG,CNC
7H,OTZ,WLK,CNC
7H,OTZ,WTK,CNC
7H,PHO,OTZ,CNC
7H,PHO,PIZ,BE1
7H,PIZ,BRW,CNC BE1
7H,PIZ,PHO,BE1
7H,PQS,BET,CNA
7H,PQS,MOU,CNA
7H,RBY,FAI,CNC
7H,RBY,GAL,CNC
7H,RDV,SLQ,CNA
7H,RSH,ANI,CNA
7H,RSH,BET,CNA
7H,RSH,KLG,CNA
7H,SCC,BTI,BE1
7H,SCC,FAI,DH8
7H,SCC,NUI,BE1
7H,SCM,BET,CNA
7H,SHG,OBU,CNC
7H,SHH,OME,PAG
7H,SHH,WAA,CNT
7H,SHX,ANI,CNC
7H,SHX,KGX,CNC
7H,SKK,KKA,PAG CNC
7H,SKK,OME,PAG
7H,SKK,UNK,CNC
7H,SLQ,ANI,CNA
7H,SLQ,SRV,CNA
7H,SMK,UNK,CNC
7H,SMK,WBB,CNA CNC
7H,SRV,ANI,CNA
7H,SVA,GAM,BE1
7H,SVA,OME,BE1
7H,SXP,AUK,CNA
7H,SXP,KSM,CNA
7H,TLA,KTS,PAG
7H,TLA,OME,PAG
7H,TLT,AKI,CNA
7H,TLT,BET,CNA
7H,TNK,WWT,CNC CNA
7H,TOG,KWN,CNA
7H,UNK,ANC,DH8
7H,UNK,SKK,CNC
7H,UNK,SMK,CNA CNC
7H,VAK,HPB,CNA
7H,VAK,SCM,CNA
7H,VDZ,ANC,DH8 BE1
7H,WAA,KTS,PAG
7H,WAA,OME,PAG CNT
7H,WBB,KOT,CNC
7H,WBB,OME,CNC
7H,WBB,SMK,CNC
7H,WBB,UNK,CNA
7H,WLK,OTZ,CNC
7H,WMO,GLV,PAG
7H,WMO,OME,PAG
7H,WTK,KVL,CNC
7H,WTL,BET,CNA
7H,WWT,BET,CNA CNC
7I,AUA,CCS,M83
7I,AUA,CUR,M83 F50
7I,AUA,LRM,M83
7I,AUA,MIA,M83
7I,AUA,VLN,M83
7I,BON,AUA,M83
7I,BON,CUR,F50 M83
7I,BRM,CUR,M83 F50
7I,CCS,AUA,M83
7I,CCS,CUR,M83 F50
7I,CLT,CUR,M83
7I,CUR,AUA,M83 F50
7I,CUR,BON,F50 M83
7I,CUR,BRM,M83 F50
7I,CUR,CCS,M83 F50
7I,CUR,CLT,M83
7I,CUR,KIN,F50
7I,CUR,LSP,F50
7I,CUR,MAR,M83
7I,CUR,MDE,M83
7I,CUR,MIA,M83
7I,CUR,PBM,M83
7I,CUR,POS,733
7I,CUR,SDQ,M83
7I,CUR,SXM,M83
7I,CUR,VLN,M83
7I,KIN,CUR,F50
7I,LRM,AUA,M83
7I,LSP,CUR,F50
7I,MAR,CUR,M83
7I,MDE,CUR,M83
7I,MIA,AUA,M83
7I,MIA,CUR,M83
7I,PAP,SXM,M83
7I,PBM,CUR,M83
7I,PBM,POS,733
7I,POS,CUR,733
7I,POS,PBM,733
7I,SDQ,CUR,M83
7I,SDQ,SXM,M83
7I,SXM,CUR,M83
7I,SXM,PAP,M83
7I,SXM,SDQ,M83
7I,VLN,AUA,M83
7I,VLN,CUR,M83
7J,AER,DYU,735
7J,ALA,DYU,MA6
7J,DEL,DYU,735
7J,DME,DYU,752
7J,DME,LBD,735
7J,DYU,AER,735
7J,DYU,ALA,MA6
7J,DYU,DEL,735
7J,DYU,DME,752
7J,DYU,FRU,MA6
7J,DYU,IKA,735
7J,DYU,IST,735
7J,DYU,LED,735
7J,DYU,OVB,735
7J,DYU,SGC,735
7J,DYU,SHJ,735
7J,DYU,SVX,735
7J,DYU,URC,752
7J,FRU,DYU,MA6
7J,IKA,DYU,735
7J,IST,DYU,735
7J,LBD,DME,733
7J,LBD,LED,733
7J,LBD,OVB,733
7J,LBD,SGC,733
7J,LED,DYU,735
7J,LED,LBD,735
7J,OVB,DYU,735
7J,OVB,LBD,735
7J,SGC,DYU,735
7J,SGC,LBD,735
7J,SHJ,DYU,735
7J,SVX,DYU,735
7J,URC,DYU,752
7M,CUN,CZM,D28 CNA
7M,CUN,MID,D28
7M,CZM,CUN,CNA D28
7M,MID,CUN,D28
7M,MID,VSA,D28
7M,VER,VSA,D28
7M,VSA,MID,D28
7M,VSA,VER,D28
7P,ACU,PAC,DHT
7P,BFQ,JQE,DHT
7P,BOC,PAC,F50
7P,CHX,BOC,F50
7P,DAV,PAC,100 F50
7P,DAV,SJO,F50
7P,GHE,PAC,BNI
7P,JQE,PAC,DHT
7P,MPP,PAC,DHT
7P,OGM,MPP,DHT
7P,OTD,SIC,DHT
7P,PAC,BFQ,DHT
7P,PAC,BOC,F50
7P,PAC,CHX,F50
7P,PAC,DAV,100 F50
7P,PAC,OGM,DHT
7P,PAC,OTD,DHT
7P,PAC,PUE,DHT
7P,PAC,PVE,DHT
7P,PAC,PYC,DHT
7P,PAC,SAX,BNI
7P,PUE,PAC,DHT
7P,PVE,CZJ,DHT
7P,PYC,ACU,DHT
7P,SAX,GHE,BNI
7P,SIC,PAC,DHT
7P,SJO,DAV,F50
7R,AKX,DME,CR2
7R,CSY,DME,CR2
7R,CSY,LED,CR2
7R,DME,AKX,CR2
7R,DME,CSY,CR2
7R,DME,EGO,CR2
7R,DME,ESL,CR2
7R,DME,GRV,CR2
7R,DME,IJK,CR2
7R,DME,MCX,CR2
7R,DME,PES,CR2
7R,DME,PEZ,CR2
7R,DME,SKX,CR2
7R,DME,ULV,CR2
7R,DME,VKT,CR2
7R,DME,VOZ,CR2
7R,EGO,DME,CR2
7R,EGO,KUF,CR2
7R,EGO,ROV,CR2
7R,ESL,DME,CR2
7R,EVN,VOG,CR2
7R,GRV,DME,CR2
7R,IAR,LED,CR2
7R,IJK,DME,CR2
7R,KRO,SVX,EM2
7R,KRR,VOG,CR2
7R,KRR,VOZ,CR2
7R,KUF,EGO,CR2
7R,KUF,SVX,CR2
7R,KVX,LED,CR2
7R,LED,CSY,CR2
7R,LED,IAR,CR2
7R,LED,KVX,CR2
7R,LED,MCX,CR2
7R,LED,SKX,CR2
7R,LED,VOG,CR2
7R,LED,VOZ,CR2
7R,MCX,DME,CR2
7R,MCX,LED,CR2
7R,MQF,SVX,EM2
7R,MRV,SAW,CR2
7R,NUX,SVX,CR2
7R,OVB,SVX,CR2
7R,PES,DME,CR2
7R,PEZ,DME,CR2
7R,ROV,EGO,CR2
7R,ROV,VOG,CR2
7R,SAW,MRV,CR2
7R,SCW,SVX,CR2
7R,SKX,DME,CR2
7R,SKX,LED,CR2
7R,SVX,KRO,EM2
7R,SVX,KUF,CR2
7R,SVX,MQF,EM2
7R,SVX,NUX,CR2
7R,SVX,OVB,CR2
7R,SVX,SCW,CR2
7R,SVX,UFA,EM2
7R,SVX,ULV,CR2
7R,SVX,URJ,EM2
7R,UFA,SVX,EM2
7R,ULV,DME,CR2
7R,ULV,SVX,CR2
7R,URJ,SVX,EM2
7R,VKT,DME,CR2
7R,VOG,EVN,CR2
7R,VOG,KRR,CR2
7R,VOG,LED,CR2
7R,VOG,ROV,CR2
7R,VOZ,DME,CR2
7R,VOZ,KRR,CR2
7R,VOZ,LED,CR2
7S,ANI,HCR,CNA
7S,ANI,KLG, CNA
7S,ANV,KGX, CNA
7S,HCR,ANV,CNA
7S,KGX,SHX, CNA
7S,KLG,RSH, CNA
7S,RSH,ANI,
7S,SHX,ANI,
8B,BKK,CKG,763
8B,BKK,HKT,763
8B,BKK,ICN,763
8B,CKG,BKK,763
8B,CKG,HKT,763
8B,CNX,ICN,763
8B,HKT,BKK,763
8B,HKT,CKG,763
8B,HKT,ICN,763
8B,ICN,BKK,763
8B,ICN,CNX,763
8B,ICN,HKT,763
8D,ADQ,AKK,CNA
8D,ADQ,KOZ,CNA
8D,ADQ,OLH,CNA
8D,ADQ,ORI,CNA
8D,AKK,ADQ,CNA
8D,KOZ,ADQ,CNA
8D,OLH,ADQ,CNA
8D,ORI,ADQ,CNA
8E,ABL,OTZ,CNC
8E,ABL,SHG,CNC
8E,BKC,DRG,CNC
8E,BKC,OTZ,CNC
8E,DRG,BKC,CNC
8E,DRG,OTZ,CNC
8E,ELI,GLV,PA2
8E,ELI,KKA,CNC
8E,ELI,OME,CNC
8E,GAM,OME,BE1
8E,GAM,SVA,BE1
8E,GLV,ELI,CNC
8E,GLV,WMO,PA2
8E,IAN,ORV,CNC
8E,IAN,OTZ,CNC
8E,KKA,OME,CNC
8E,KKA,SKK,CNC
8E,KTS,OME,CNC
8E,KTS,WAA,CNC
8E,KVL,OTZ,CNC
8E,KVL,PHO,CNC
8E,LUR,OTZ,CNC
8E,OBU,ABL,CNC
8E,OBU,OTZ,CNC
8E,OME,ELI,PA2
8E,OME,GAM,BE1
8E,OME,KKA,CNC
8E,OME,OTZ,PA2
8E,OME,SHH,BE1
8E,OME,SVA,BE1
8E,OME,TLA,CNC
8E,OME,TNC,CNC
8E,OME,UNK,PA2
8E,OME,WBB,BE1
8E,OME,WMO,CNC
8E,ORV,IAN,CNC
8E,ORV,OTZ,CNC
8E,OTZ,ABL,CNC
8E,OTZ,BKC,CNC
8E,OTZ,DRG,CNC
8E,OTZ,IAN,CNC
8E,OTZ,KVL,CNC
8E,OTZ,OME,PA2
8E,OTZ,ORV,CNC
8E,OTZ,PHO,CNC
8E,OTZ,SHG,CNC
8E,OTZ,WLK,CNC
8E,OTZ,WTK,CNC
8E,PHO,LUR,CNC
8E,PHO,OTZ,CNC
8E,SHG,OBU,CNC
8E,SHH,OME,BE1 CNC
8E,SKK,KKA,CNC
8E,SKK,OME,CNC
8E,SKK,UNK,CNC
8E,SMK,UNK,BE1
8E,SMK,WBB,CNC PA2
8E,SVA,GAM,BE1
8E,SVA,OME,BE1
8E,TLA,KTS,CNC
8E,TNC,WAA,CNC
8E,UNK,OME,BE1
8E,UNK,SKK,CNC
8E,UNK,SMK,CNC PA2
8E,WAA,OME,CNC
8E,WAA,SHH,CNC
8E,WBB,OME,PA2
8E,WBB,SMK,BE1
8E,WBB,UNK,CNC
8E,WLK,OTZ,CNC
8E,WMO,GLV,CNC
8E,WMO,OME,PA2
8E,WTK,KVL,CNC
8E,WTK,OTZ,CNC
8I,AUA,CCS,M82
8I,AUA,MIA,M82
8I,AUA,VLN,M82
8I,CCS,AUA,M82
8I,MIA,AUA,M82
8I,VLN,AUA,M82
8L,BAV,XIY,738
8L,CGO,KMG,320 738 737
8L,CGO,LJG,319 321
8L,CKG,KMG,738
8L,CKG,LJG,321
8L,CKG,XUZ,738
8L,CSX,FOC,738
8L,CSX,KMG,738
8L,CSX,LJG,321 319
8L,CSX,NKG,321
8L,CTU,JZH,737
8L,CTU,KMG,321 737
8L,CTU,TCZ,737
8L,CTU,TSN,737
8L,DIG,KMG,737
8L,DLC,TSN,737
8L,DLC,WUH,737
8L,DLU,JHG,737
8L,DLU,KMG,737
8L,FOC,CSX,738
8L,FOC,NNG,738
8L,HAK,KMG,738
8L,HET,TYN,321
8L,HFE,KMG,738
8L,HFE,LJG,319
8L,HFE,PVG,319
8L,HGH,KMG,737
8L,HGH,KOW,321
8L,JHG,DLU,737
8L,JHG,KMG,737
8L,JHG,LJG,737
8L,JZH,CTU,737
8L,KMG,CGO,320 738 737
8L,KMG,CKG,738
8L,KMG,CSX,738
8L,KMG,CTU,321 737
8L,KMG,DIG,737
8L,KMG,DLU,737
8L,KMG,HAK,738
8L,KMG,HFE,738
8L,KMG,HGH,737
8L,KMG,JHG,737
8L,KMG,KOW,321
8L,KMG,KWE,737 321
8L,KMG,KWL,738
8L,KMG,LHW,737
8L,KMG,LJG,319 321
8L,KMG,LUM,737
8L,KMG,NNG,738
8L,KMG,PEK,738 737 321
8L,KMG,PVG,738
8L,KMG,SYM,737
8L,KMG,SYX,321 737
8L,KMG,TCZ,737
8L,KMG,TNA,738
8L,KMG,TYN,321
8L,KMG,WUH,738 737 321
8L,KMG,XIY,738
8L,KMG,XNN,738
8L,KMG,YIC,738
8L,KMG,YIH,738
8L,KOW,HGH,321
8L,KOW,KMG,321
8L,KWE,KMG,737 321
8L,KWE,LJG,319
8L,KWE,NKG,737
8L,KWE,SIN,321
8L,KWE,XUZ,319
8L,KWL,KMG,738
8L,KWL,XMN,738
8L,LHW,KMG,737
8L,LHW,URC,737
8L,LJG,CGO,319 321
8L,LJG,CKG,321
8L,LJG,CSX,321 319
8L,LJG,HFE,319
8L,LJG,JHG,737
8L,LJG,KMG,321 319
8L,LJG,KWE,319
8L,LJG,NGB,319
8L,LJG,NKG,319
8L,LJG,SZX,321
8L,LJG,TYN,319
8L,LJG,WUH,321
8L,LJG,XIY,321
8L,LUM,KMG,737
8L,LUM,PEK,737
8L,NGB,LJG,319
8L,NGB,YIH,738
8L,NKG,CSX,321
8L,NKG,KWE,737
8L,NKG,LJG,319
8L,NNG,FOC,738
8L,NNG,KMG,738
8L,PEK,KMG,738 737
8L,PEK,LUM,737
8L,PVG,HFE,319
8L,PVG,KMG,738
8L,SHA,YIC,738
8L,SIN,KWE,321
8L,SYM,KMG,737
8L,SYX,KMG,738 737
8L,SZX,LJG,321
8L,TAO,WUH,320
8L,TCZ,CTU,737
8L,TCZ,KMG,737
8L,TNA,KMG,738
8L,TSN,CTU,737
8L,TSN,DLC,737
8L,TYN,HET,321
8L,TYN,KMG,321
8L,TYN,LJG,319
8L,URC,LHW,737
8L,URC,XNN,738
8L,WUH,DLC,737
8L,WUH,KMG,738 737 320
8L,WUH,LJG,321
8L,WUH,TAO,321
8L,XIY,BAV,738
8L,XIY,KMG,738
8L,XIY,LJG,321
8L,XMN,KWL,738
8L,XNN,KMG,738
8L,XNN,URC,738
8L,XUZ,CKG,738
8L,XUZ,KWE,319
8L,YIC,KMG,738
8L,YIC,SHA,738
8L,YIH,KMG,738
8L,YIH,NGB,738
8M,BKK,RGN,320
8M,CAN,RGN,320
8M,ICN,RGN,737 767
8M,KUL,RGN,320
8M,PNH,RGN,319
8M,RGN,BKK,320
8M,RGN,CAN,320
8M,RGN,ICN,737 767
8M,RGN,KUL,320
8M,RGN,PNH,319
8M,RGN,SIN,320
8M,SIN,RGN,320
8P,QBC,YAA,BE1
8P,QBC,YVR,BE1
8P,YAA,YVR,BE1
8P,YBL,YQQ,SF3 BE1
8P,YBL,YVR,BE1
8P,YBL,ZEL,BE1
8P,YKT,ZEL,DHP
8P,YLW,YXC,BE1
8P,YPW,YVR,BE1 SF3
8P,YQQ,YBL,BE1 SF3
8P,YQQ,YVR,SF3 BE1
8P,YVR,QBC,BE1
8P,YVR,YBL,BE1
8P,YVR,YPW,BE1 SF3
8P,YVR,YQQ,BE1 SF3
8P,YVR,YWL,BE1
8P,YVR,YXC,BE1
8P,YVR,YYJ,BE1
8P,YVR,YZT,SF3 BE1
8P,YVR,YZZ,SF3 BE1
8P,YVR,ZMT,SF3
8P,YWL,YVR,BE1
8P,YXC,YLW,BE1
8P,YXC,YVR,BE1
8P,YYJ,YVR,BE1
8P,YZT,YVR,SF3 BE1
8P,YZT,ZEL,SF3
8P,YZZ,YVR,SF3 BE1
8P,ZEL,YBL,BE1
8P,ZEL,YKT,DHP
8P,ZEL,YZT,SF3
8P,ZMT,YVR,SF3
8Q,ADA,IST,320
8Q,ADB,IST,320
8Q,AYT,IST,320
8Q,AYT,KZN,321
8Q,AYT,SVO,321
8Q,BJV,IST,320
8Q,CDG,IST,320
8Q,DIY,IST,320
8Q,DLM,IST,320
8Q,ECN,IST,320
8Q,ERZ,IST,320
8Q,EZS,IST,320
8Q,GNY,IST,320
8Q,GZP,IST,320
8Q,GZT,IST,320
8Q,IST,ADA,320
8Q,IST,ADB,320
8Q,IST,AYT,320
8Q,IST,BJV,320
8Q,IST,CDG,320
8Q,IST,DIY,320
8Q,IST,DLM,320
8Q,IST,ECN,320
8Q,IST,ERZ,320
8Q,IST,EZS,320
8Q,IST,GNY,320
8Q,IST,GZP,320
8Q,IST,GZT,320
8Q,IST,MLX,320
8Q,IST,ODS,320
8Q,IST,TZX,320
8Q,KZN,AYT,321
8Q,MLX,IST,320
8Q,ODS,IST,320
8Q,SVO,AYT,321
8Q,TZX,IST,320
8R,AEP,MDQ,SF3
8R,AEP,PRA,SF3
8R,AEP,ROS,SF3
8R,AEP,SFN,SF3
8R,BHI,MDQ,SF3
8R,BHI,REL,SF3
8R,BRC,CRD,SF3
8R,BRC,EQS,SF3
8R,COR,MDZ,SF3
8R,COR,ROS,SF3
8R,CRD,NQN,SF3
8R,CRD,REL,SF3
8R,CRD,RGL,SF3
8R,EQS,BRC,SF3
8R,EQS,CRD,SF3
8R,MDQ,AEP,SF3
8R,MDQ,BHI,SF3
8R,MDZ,COR,SF3
8R,MDZ,NQN,SF3
8R,NQN,CRD,SF3
8R,NQN,MDZ,SF3
8R,PDP,ROS,SF3
8R,PRA,AEP,SF3
8R,REL,BHI,SF3
8R,REL,BRC,SF3
8R,REL,CRD,SF3
8R,REL,EQS,SF3
8R,RGA,RGL,SF3
8R,RGL,CRD,SF3
8R,RGL,RGA,SF3
8R,RGL,USH,SF3
8R,ROS,AEP,SF3
8R,ROS,COR,SF3
8R,ROS,PDP,SF3
8R,SFN,AEP,SF3
8T,YFJ,YZF,DHT
8T,YFS,YZF,DHT
8T,YLE,YZF,DHT
8T,YRA,YZF,DHT
8T,YSG,YZF,DHT
8T,YZF,YFJ,DHT
8T,YZF,YFS,DHT
8T,YZF,YLE,DHT
8T,YZF,YRA,DHT
8T,YZF,YSG,DHT
8U,AKF,BEN,320
8U,AMM,BEN,320
8U,AMM,TIP,332 320
8U,BEN,AKF,320
8U,BEN,AMM,320
8U,BEN,CAI,320
8U,BEN,CMN,320
8U,BEN,IST,320
8U,BEN,JED,320
8U,BEN,MRA,320
8U,BEN,TIP,320 319 332
8U,BEN,TUN,319 320
8U,CAI,BEN,320
8U,CAI,TIP,320 332
8U,CMN,BEN,320
8U,CMN,TIP,320 319 332
8U,DXB,TIP,332
8U,FCO,TIP,320
8U,HBE,TIP,320 319
8U,IST,BEN,320
8U,IST,MRA,320
8U,IST,TIP,332 319
8U,JED,BEN,320
8U,JED,TIP,332
8U,MRA,BEN,320
8U,MRA,IST,320
8U,MRA,SFA,320 319
8U,MRA,TUN,319 320
8U,SFA,MRA,319
8U,SFA,TIP,320 319
8U,TIP,AMM,332 320
8U,TIP,BEN,320 319 332
8U,TIP,CAI,320 332
8U,TIP,CMN,320 319 332
8U,TIP,FCO,320
8U,TIP,HBE,320 319
8U,TIP,IST,332 319
8U,TIP,JED,332
8U,TIP,SFA,320 319
8U,TIP,TOB,320
8U,TIP,TUN,319 320
8U,TUN,BEN,319 320
8U,TUN,MRA,319 320
8U,TUN,TIP,319 320
8V,AET,BTT,CNC
8V,AET,FAI,CNC
8V,AET,HUS,CNC
8V,AKP,BTT,CNC
8V,AKP,FAI,PAG
8V,ARC,VEE,CNC
8V,BTT,AET,CNC
8V,BTT,AKP,CNC
8V,BTT,FAI,CNC
8V,FAI,AET,CNC
8V,FAI,AKP,PAG
8V,FAI,BTT,CNC
8V,FAI,FYU,CNC
8V,FAI,GAL,CNC
8V,FAI,KBC,CNC
8V,FAI,LMA,PAG
8V,FAI,RBY,CNC
8V,FAI,TAL,CNC
8V,FYU,FAI,CNC
8V,FYU,VEE,CNC
8V,GAL,KAL,CNC
8V,GAL,NUL,CNC
8V,HSL,HUS,CNC
8V,HSL,RBY,CNC
8V,HSL,TAL,CNC
8V,HUS,FAI,CNC
8V,HUS,TAL,CNC
8V,KAL,HSL,CNC
8V,KBC,FYU,CNC
8V,KYU,FAI,CNC
8V,LMA,FAI,PAG
8V,NUL,KYU,CNC
8V,RBY,FAI,CNC
8V,RBY,TAL,CNC
8V,TAL,FAI,CNC
8V,TAL,HSL,CNC
8V,TAL,RBY,CNC
8V,VEE,ARC,CNC
8V,VEE,FYU,CNC
9C,BKI,PVG,320
9C,BKK,PVG,320
9C,CAN,SHA,320
9C,CAN,SJW,320
9C,CGD,KMG,320
9C,CGD,SHA,320
9C,CGQ,PVG,320
9C,CJU,PVG,320
9C,CKG,LYA,320
9C,CKG,PVG,320
9C,CKG,SHA,320
9C,CKG,SJW,320
9C,CNX,PVG,320
9C,CSX,SHA,320
9C,CTU,SHA,320
9C,CTU,SJW,320
9C,DLC,HGH,320
9C,DLC,PVG,320
9C,DLC,SJW,320
9C,DYG,PVG,320
9C,HET,SJW,320
9C,HGH,DLC,320
9C,HGH,KWL,320
9C,HGH,SHE,320
9C,HGH,SJW,320
9C,HGH,SYX,320
9C,HGH,SZX,320
9C,HIA,HRB,320
9C,HIA,SZX,320
9C,HKG,PVG,320
9C,HKT,PVG,320
9C,HRB,HIA,320
9C,HRB,PVG,320
9C,HSG,PVG,320
9C,IBR,PVG,320
9C,JIQ,KMG,320
9C,JIQ,SHA,320
9C,JJN,SHA,320
9C,KHH,PVG,320
9C,KIX,PVG,320
9C,KMG,CGD,320
9C,KMG,JIQ,320
9C,KMG,MIG,320
9C,KMG,PVG,320
9C,KMG,SHA,320
9C,KMG,SJW,320
9C,KMG,ZYI,320
9C,KWE,SHA,320
9C,KWL,HGH,320
9C,KWL,PVG,320
9C,KWL,SJW,320
9C,LHW,PVG,320
9C,LYA,CKG,320
9C,LYA,SHE,320
9C,MFM,PVG,320
9C,MIG,KMG,320
9C,MIG,SHA,320
9C,MIG,SHE,320
9C,NKG,SHE,320
9C,NNG,SHA,320
9C,PVG,BKI,320
9C,PVG,BKK,320
9C,PVG,CGQ,320
9C,PVG,CJU,320
9C,PVG,CKG,320
9C,PVG,CNX,320
9C,PVG,DLC,320
9C,PVG,DYG,320
9C,PVG,HKG,320
9C,PVG,HKT,320
9C,PVG,HRB,320
9C,PVG,IBR,320
9C,PVG,KHH,320
9C,PVG,KIX,320
9C,PVG,KWL,320
9C,PVG,MFM,320
9C,PVG,NNG,320
9C,PVG,REP,320
9C,PVG,SHE,320
9C,PVG,SIN,320
9C,PVG,SYX,320
9C,PVG,TAK,320
9C,PVG,TAO,320
9C,PVG,TPE,320
9C,PVG,XMN,320
9C,PVG,ZHA,320
9C,REP,PVG,320
9C,SHA,CAN,320
9C,SHA,CGD,320
9C,SHA,CKG,320
9C,SHA,CSX,320
9C,SHA,CTU,320
9C,SHA,JIQ,320
9C,SHA,JJN,320
9C,SHA,KMG,320
9C,SHA,KWE,320
9C,SHA,LHW,320
9C,SHA,SJW,320
9C,SHA,SWA,320
9C,SHA,SYX,320
9C,SHA,SZX,320
9C,SHA,TAO,320
9C,SHA,URC,320
9C,SHA,XIY,320
9C,SHA,XMN,320
9C,SHA,ZUH,320
9C,SHA,ZYI,320
9C,SHE,HGH,320
9C,SHE,LYA,320
9C,SHE,MIG,320
9C,SHE,NKG,320
9C,SHE,PVG,320
9C,SHE,SJW,320
9C,SHE,SZX,320
9C,SHE,XIY,320
9C,SIN,PVG,320
9C,SJW,CAN,320
9C,SJW,CKG,320
9C,SJW,CTU,320
9C,SJW,DLC,320
9C,SJW,HET,320
9C,SJW,HGH,320
9C,SJW,KMG,320
9C,SJW,KWL,320
9C,SJW,SHA,320
9C,SJW,SHE,320
9C,SJW,SZX,320
9C,SJW,TPE,320
9C,SJW,XMN,320
9C,SWA,SHA,320
9C,SYX,HGH,320
9C,SYX,PVG,320
9C,SYX,SHA,320
9C,SZX,HGH,320
9C,SZX,HIA,320
9C,SZX,SHA,320
9C,SZX,SHE,320
9C,SZX,SJW,320
9C,TAK,PVG,320
9C,TAO,SHA,320
9C,TPE,PVG,320
9C,TPE,SJW,320
9C,URC,SHA,320
9C,URC,XIY,320
9C,XIY,SHA,320
9C,XIY,SHE,320
9C,XIY,URC,320
9C,XMN,PVG,320
9C,XMN,SHA,320
9C,XMN,SJW,320
9C,ZHA,PVG,320
9C,ZUH,PVG,320
9C,ZUH,SHA,320
9C,ZYI,KMG,320
9C,ZYI,SHA,320
9D,JED,NDJ,737 747
9E,ATL,AZO,CRJ
9E,ATL,CHA,CRJ
9E,ATL,CID,CRJ
9E,ATL,CRW,CRJ
9E,ATL,CVG,CR9 
9E,ATL,EVV,CRJ
9E,ATL,FWA,CRJ
9E,ATL,GSO,CR9
9E,ATL,GSP,CRJ
9E,ATL,LAN,CRJ
9E,ATL,LEX,CRJ
9E,ATL,MBS,CRJ
9E,ATL,MSP,
9E,ATL,ROA,CRJ
9E,ATL,SYR,CR9
9E,ATL,TYS,CRJ CR9
9E,ATL,XNA,CRJ
9E,AZO,ATL,CRJ
9E,CHA,ATL,CRJ
9E,CRW,ATL,CRJ
9E,CVG,ATL,CR9 
9E,DTW,MSY,CR9
9E,EVV,ATL,CRJ
9E,FWA,ATL,CRJ
9E,GFK,TVF,
9E,GSO,ATL,CR9
9E,GSP,ATL,CRJ
9E,JFK,MSY,CR9
9E,LAN,ATL,CRJ
9E,LEX,ATL,CRJ
9E,LGA,MSY,CR9
9E,MBS,ATL,CRJ
9E,MDT,ATL,CRJ
9E,MEM,MSY,CRJ
9E,MSP,ATL,
9E,MSP,MSY,CR9
9E,MSY,DTW,CR9
9E,MSY,JFK,CR9
9E,MSY,LGA,CR9
9E,MSY,MEM,CRJ
9E,MSY,MSP,CR9
9E,ROA,ATL,CRJ
9E,SYR,ATL,CR9
9E,TVF,GFK,
9E,TYS,ATL,CRJ CR9 
9E,XNA,ATL,CRJ
9K,ACK,BOS,CNA
9K,ACK,EWB,CNA
9K,ACK,HYA,CNA
9K,ACK,MVY,CNA
9K,ALB,BOS,CNA
9K,ALB,MSS,CNA
9K,ALB,OGS,CNA
9K,AUG,BOS,CNA
9K,AXA,SJU,CNA
9K,BHB,BOS,CNA
9K,BIL,GDV,CNA
9K,BIL,GGW,CNA
9K,BIL,HVR,CNA
9K,BIL,OLF,CNA
9K,BIL,SDY,CNA
9K,BOS,ACK,CNA
9K,BOS,ALB,CNA
9K,BOS,AUG,CNA
9K,BOS,BHB,CNA
9K,BOS,HYA,CNA
9K,BOS,LEB,CNA
9K,BOS,MVY,CNA
9K,BOS,PVC,CNA
9K,BOS,RKD,CNA
9K,BOS,RUT,CNA
9K,BOS,SLK,CNA
9K,CGI,STL,CNA
9K,CPX,SJU,BNI
9K,EIS,SJU,CNA
9K,EIS,STT,CNA
9K,EWB,ACK,CNA
9K,EWB,HPN,CNA
9K,EWB,MVY,CNA
9K,GDV,BIL,CNA
9K,GGW,BIL,CNA
9K,HPN,HYA,CNA
9K,HPN,LEB,CNA
9K,HPN,MVY,CNA
9K,HVR,BIL,CNA
9K,HYA,ACK,CNA
9K,HYA,BOS,CNA
9K,IRK,STL,CNA
9K,LEB,BOS,CNA
9K,LEB,HPN,CNA
9K,MAZ,SJU,CNA
9K,MSS,ALB,CNA
9K,MVY,ACK,CNA
9K,MVY,BOS,CNA
9K,MVY,EWB,CNA
9K,MVY,HPN,CNA
9K,MWA,STL,CNA
9K,NEV,SJU,CNA
9K,OGS,ALB,CNA
9K,OLF,BIL,CNA
9K,OWB,STL,CNA
9K,PVC,BOS,CNA
9K,RKD,BOS,CNA
9K,RUT,BOS,CNA
9K,SDY,BIL,CNA
9K,SJU,AXA,CNA
9K,SJU,CPX,BNI
9K,SJU,EIS,CNA
9K,SJU,MAZ,CNA
9K,SJU,NEV,CNA
9K,SJU,STT,CNA
9K,SJU,STX,CNA
9K,SJU,VIJ,BNI
9K,SJU,VQS,CNA
9K,SLK,BOS,CNA
9K,STL,CGI,CNA
9K,STL,IRK,CNA
9K,STL,MWA,CNA
9K,STL,OWB,CNA
9K,STL,TBN,CNA
9K,STL,UIN,CNA
9K,STT,EIS,CNA
9K,STT,SJU,CNA
9K,STT,STX,CNA
9K,STX,SJU,CNA
9K,STX,STT,CNA
9K,STX,VQS,CNA
9K,TBN,STL,CNA
9K,UIN,STL,CNA
9K,VIJ,SJU,BNI
9K,VQS,SJU,CNA
9K,VQS,STX,CNA
9M,YBL,YQQ,BEH
9M,YBL,YVR,BEH
9M,YDQ,YVR,DH1
9M,YDQ,YYE,DH1
9M,YEG,YOJ,BEH
9M,YEG,YOP,BEH
9M,YEG,YXJ,D38 DH3
9M,YEG,YYC,BEH D38 DH3
9M,YKA,YVR,BEH
9M,YKA,YXS,BEH
9M,YLL,YYC,BEH
9M,YLW,YXS,BEH
9M,YOJ,YEG,BEH
9M,YOJ,YOP,BEH
9M,YOP,YEG,BEH
9M,YOP,YOJ,BEH
9M,YQQ,YBL,BEH
9M,YQQ,YVR,BEH
9M,YQZ,YVR,BEH
9M,YQZ,YWL,BEH
9M,YVR,YBL,BEH
9M,YVR,YDQ,DH1
9M,YVR,YKA,BEH
9M,YVR,YQQ,BEH
9M,YVR,YQZ,BEH
9M,YVR,YWL,BEH
9M,YWL,YQZ,BEH
9M,YWL,YVR,BEH
9M,YXJ,YEG,D38 DH3
9M,YXJ,YXS,BEH
9M,YXJ,YYE,D38 BEH DH3
9M,YXS,YKA,BEH
9M,YXS,YLW,BEH
9M,YXS,YXJ,BEH
9M,YXS,YXT,DH3
9M,YXS,YYC,DH3
9M,YXS,YYD,BEH
9M,YXS,YYE,BEH
9M,YXT,YXS,DH3
9M,YYC,YEG,D38 BEH DH3
9M,YYC,YLL,BEH D38
9M,YYC,YXS,DH3
9M,YYD,YXS,BEH
9M,YYE,YDQ,DH1
9M,YYE,YXJ,D38 BEH DH3
9M,YYE,YXS,BEH
9N,BCV,BZE,CNC
9N,BCV,CUK,CNC
9N,BCV,SPR,CNC
9N,BCV,SQS,CNC
9N,BCV,TZA,CNC
9N,BZE,BCV,CNC
9N,BZE,CUK,CNC
9N,BZE,CUN,CNC
9N,BZE,DGA,CNC
9N,BZE,FRS,CNC
9N,BZE,MID,CNC
9N,BZE,PLJ,CNC
9N,BZE,RTB,CNC
9N,BZE,SAP,CNC
9N,BZE,SPR,CNC
9N,BZE,SQS,CNC
9N,BZE,TZA,CNC
9N,CUK,BCV,CNC
9N,CUK,BZE,CNC
9N,CUK,SPR,CNC
9N,CUK,TZA,CNC
9N,CUN,BZE,CNC
9N,CZH,SPR,CNC
9N,DGA,BZE,CNC
9N,DGA,PLJ,CNC
9N,DGA,TZA,CNC
9N,FRS,BZE,CNC
9N,MID,BZE,CNC
9N,PLJ,BZE,CNC
9N,PLJ,DGA,CNC
9N,PLJ,PND,CNC
9N,PND,PLJ,CNC
9N,RTB,BZE,CNC
9N,SAP,BZE,CNC
9N,SPR,BCV,CNC
9N,SPR,BZE,CNC
9N,SPR,CUK,CNC
9N,SPR,CZH,CNC
9N,SPR,SQS,CNC
9N,SPR,TZA,CNC
9N,SQS,BCV,CNC
SQ,ADD,BKK,763
SQ,ADL,SIN,333
SQ,AKL,SIN,77W 772
SQ,AMD,SIN,333
SQ,AMS,SIN,772 77W
SQ,BCN,GRU,77W
SQ,BCN,MXP,77W
SQ,BCN,SIN,77W
SQ,BDO,SIN,319
SQ,BKI,SIN,320 319
SQ,BKK,ADD,763
SQ,BKK,SIN,772 333 763
SQ,BLR,SIN,772
SQ,BNE,CHC,320
SQ,BNE,CNJ,E90
SQ,BNE,SIN,333
SQ,BOM,SIN,77W 772
SQ,BPN,SIN,319 320
SQ,BWN,SIN,773 320
SQ,CAI,DXB,333
SQ,CAN,SIN,333
SQ,CCU,SIN,333
SQ,CDG,SIN,388
SQ,CEB,DVO,320
SQ,CEB,SIN,320 738
SQ,CGK,SIN,772 773
SQ,CHC,SIN,772
SQ,CJB,SIN,320
SQ,CKG,SIN,320 319
SQ,CMB,SIN,333
SQ,CNJ,BNE,E90
SQ,CNX,SIN,320
SQ,COK,SIN,320 738 319
SQ,CPH,SIN,772
SQ,CPT,JNB,772
SQ,CSX,SIN,320
SQ,CTU,SIN,320 319
SQ,DAC,SIN,333
SQ,DAD,REP,738
SQ,DAD,SIN,738 320
SQ,DEL,SIN,772 773
SQ,DME,IAH,77W
SQ,DME,SIN,77W
SQ,DPS,SIN,772 738
SQ,DRW,SIN,320
SQ,DVO,CEB,320
SQ,DVO,SIN,320 738
SQ,DXB,CAI,333
SQ,DXB,SIN,77W 333
SQ,FCO,SIN,772
SQ,FRA,JFK,388
SQ,FRA,LYS,32A 733 735
SQ,FRA,SIN,388 77W
SQ,FUK,SIN,333
SQ,GRU,BCN,77W
SQ,HAN,SIN,333
SQ,HKG,SFO,77W
SQ,HKG,SIN,77W 772 388
SQ,HKT,SIN,320 738 319
SQ,HND,SIN,333 773
SQ,HYD,SIN,320 738
SQ,IAH,DME,77W
SQ,ICN,SFO,77W
SQ,ICN,SIN,333 77W
SQ,IST,SIN,772
SQ,JED,RUH,333
SQ,JFK,FRA,388
SQ,JNB,CPT,772
SQ,JNB,SIN,772
SQ,JOG,SIN,320
SQ,KCH,SIN,738 319
SQ,KIX,SIN,333
SQ,KMG,SIN,320 319
SQ,KTM,SIN,320
SQ,KUL,SIN,333
SQ,LAX,NRT,388
SQ,LAX,ORD,320
SQ,LGK,SIN,320 319
SQ,LHR,SIN,388 77W
SQ,LOP,SIN,319 320
SQ,MAA,SIN,333
SQ,MAN,MUC,77W
SQ,MDC,SIN,320
SQ,MEL,CHC,320
SQ,MEL,SIN,77W 773 388 333
SQ,MLE,SIN,333
SQ,MNL,SIN,772 333
SQ,MUC,MAN,77W
SQ,MUC,SIN,77W
SQ,MXP,BCN,77W
SQ,MXP,SIN,77W
SQ,NGO,SIN,333
SQ,NRT,LAX,388
SQ,NRT,SIN,77W 388
SQ,PEK,SIN,773 333 772 77W
SQ,PEN,SIN,320 738 319
SQ,PER,SIN,333 772
SQ,PKU,SIN,319
SQ,PLM,SIN,319
SQ,PNH,SIN,320
SQ,PVG,SIN,388 772 77W
SQ,REP,DAD,738
SQ,REP,PNH,320
SQ,REP,SIN,738 320
SQ,RGN,SIN,333
SQ,RUH,JED,333
SQ,RUH,SIN,333
SQ,SFO,HKG,77W
SQ,SFO,ICN,77W
SQ,SGN,SIN,772 333
SQ,SIN,ADL,333
SQ,SIN,AKL,772 77W
SQ,SIN,AMD,333
SQ,SIN,AMS,77W 772
SQ,SIN,BCN,77W
SQ,SIN,BDO,319
SQ,SIN,BKI,320 319
SQ,SIN,BKK,772 333 763
SQ,SIN,BLR,772
SQ,SIN,BNE,333
SQ,SIN,BOM,772 77W
SQ,SIN,BPN,319 320
SQ,SIN,BWN,773 320
SQ,SIN,CAN,333
SQ,SIN,CCU,333
SQ,SIN,CDG,388
SQ,SIN,CEB,320 738
SQ,SIN,CGK,773 772
SQ,SIN,CHC,772
SQ,SIN,CJB,320
SQ,SIN,CKG,320 319
SQ,SIN,CMB,333
SQ,SIN,CNX,320
SQ,SIN,COK,320 738 319
SQ,SIN,CPH,772
SQ,SIN,CSX,320
SQ,SIN,CTU,320 319
SQ,SIN,DAC,333
SQ,SIN,DAD,738 319 320
SQ,SIN,DEL,772 773
SQ,SIN,DME,77W
SQ,SIN,DPS,772 738
SQ,SIN,DRW,320
SQ,SIN,DVO,320 738
SQ,SIN,DXB,77W 333
SQ,SIN,FCO,772
SQ,SIN,FRA,77W 388
SQ,SIN,FUK,333
SQ,SIN,HAN,333
SQ,SIN,HKG,772 388 77W
SQ,SIN,HKT,320 738 319
SQ,SIN,HND,333 773
SQ,SIN,HYD,738 320
SQ,SIN,ICN,333 77W
SQ,SIN,IST,772
SQ,SIN,JNB,772
SQ,SIN,JOG,320
SQ,SIN,KCH,738 319
SQ,SIN,KIX,333
SQ,SIN,KMG,320 319
SQ,SIN,KTM,320
SQ,SIN,KUL,333
SQ,SIN,LGK,320 319
SQ,SIN,LHR,77W 388
SQ,SIN,LOP,319 320
SQ,SIN,MAA,333
SQ,SIN,MDC,320
SQ,SIN,MEL,333 77W 388 773
SQ,SIN,MLE,333
SQ,SIN,MNL,772 333
SQ,SIN,MUC,77W
SQ,SIN,MXP,77W
SQ,SIN,NGO,333
SQ,SIN,NRT,388 77W
SQ,SIN,PEK,772 77W 773 333
SQ,SIN,PEN,320 738 319
SQ,SIN,PER,333 772
SQ,SIN,PKU,319
SQ,SIN,PLM,319
SQ,SIN,PNH,320
SQ,SIN,PVG,772 77W 388
SQ,SIN,REP,738 320
SQ,SIN,RGN,333
SQ,SIN,RUH,333
SQ,SIN,SGN,772 333
SQ,SIN,SOC,320 319
SQ,SIN,SRG,319
SQ,SIN,SUB,333
SQ,SIN,SYD,388 772 773
SQ,SIN,SZX,738
SQ,SIN,TPE,333 77W
SQ,SIN,TRV,319 320
SQ,SIN,UPG,319 320
SQ,SIN,USM,319
SQ,SIN,VTZ,319
SQ,SIN,WUH,319 320
SQ,SIN,XMN,320
SQ,SIN,ZRH,388
SQ,SJC,LAX,320
SQ,SOC,SIN,320 319
SQ,SRG,SIN,319
SQ,SUB,SIN,333
SQ,SYD,SIN,773 388 772
SQ,SZX,SIN,738
SQ,TPE,SIN,77W 333
SQ,TRV,SIN,319 320
SQ,UPG,SIN,319 320
SQ,USM,SIN,319
SQ,VTZ,SIN,319
SQ,WUH,SIN,319 320
SQ,XMN,SIN,320
SQ,ZRH,SIN,388
